Exporter M.49,Exporter ISO3,Exporter,Exporter region,Year,Value (1000USD),Weight (1000kg)
4,AFG,Afghanistan,Central and Southern Asia,2000,94443.57,50993.625
8,ALB,Albania,Europe,2000,75787.78024,174309.8229
10,ATA,Antarctica,,2000,3,3
12,DZA,Algeria,Northern Africa and Western Asia,2000,22966660.38,114953838.1
16,ASM,American Samoa,Oceania (excl. Australia and New Zealand),2000,9489.963,41882.66
20,AND,Andorra,Europe,2000,4550.235107,707836.1973
24,AGO,Angola,Sub-Saharan Africa,2000,7201018.101,34210817.33
28,ATG,Antigua and Barbuda,Latin America and the Caribbean,2000,40881.83442,164516.6346
31,AZE,Azerbaijan,Northern Africa and Western Asia,2000,1758940.236,8438069.958
32,ARG,Argentina,Latin America and the Caribbean,2000,18764511.98,80404679.79
36,AUS,Australia,Australia and New Zealand,2000,51878288.91,517928863.5
40,AUT,Austria,Europe,2000,8694079.74,22511557.68
44,BHS,Bahamas,Latin America and the Caribbean,2000,316555.4126,1822226.473
48,BHR,Bahrain,Northern Africa and Western Asia,2000,2246500.73,48802555.74
50,BGD,Bangladesh,Central and Southern Asia,2000,869972.709,788765.573
51,ARM,Armenia,Northern Africa and Western Asia,2000,192170.9991,247122.1422
52,BRB,Barbados,Latin America and the Caribbean,2000,70079.22375,304516.1718
56,BEL,Belgium,Europe,2000,45496259.67,115806452.2
60,BMU,Bermuda,Northern America,2000,10450.736,28153.925
64,BTN,Bhutan,Central and Southern Asia,2000,9710.9,22036.348
68,BOL,Bolivia,Latin America and the Caribbean,2000,1178919.021,4735424.973
70,BIH,Bosnia Herzegovina,Europe,2000,443017.618,1413964.076
72,BWA,Botswana,Sub-Saharan Africa,2000,3034404.791,346112.9261
74,BVT,Bouvet Island,,2000,,
76,BRA,Brazil,Latin America and the Caribbean,2000,29492481.77,233871633.5
84,BLZ,Belize,Latin America and the Caribbean,2000,283326.9117,414114.1454
86,IOT,British Indian Ocean Territory,,2000,54419.755,27243.813
90,SLB,Solomon Islands,Oceania (excl. Australia and New Zealand),2000,55457.742,271543.726
92,VGB,British Virgin Islands,Latin America and the Caribbean,2000,57910.099,69107.594
96,BRN,Brunei Darussalam,Eastern and South-Eastern Asia (excl. China),2000,3196145.773,14244859.59
100,BGR,Bulgaria,Europe,2000,2341192.944,9169027.559
104,MMR,Myanmar,Eastern and South-Eastern Asia (excl. China),2000,646139.519,2231069.605
108,BDI,Burundi,Sub-Saharan Africa,2000,49829.449,25177.476
112,BLR,Belarus,Europe,2000,2686544.134,18393916.37
116,KHM,Cambodia,Eastern and South-Eastern Asia (excl. China),2000,147582.7628,313366.1151
120,CMR,Cameroon,Sub-Saharan Africa,2000,2218653.047,8464412.472
124,CAN,Canada,Northern America,2000,87768746.01,338517518.2
132,CPV,Cabo Verde,Sub-Saharan Africa,2000,30166.45823,121756.4275
136,CYM,Cayman Islands,Latin America and the Caribbean,2000,27433.784,137614.644
140,CAF,Central African Republic,Sub-Saharan Africa,2000,58607.5,101406.276
144,LKA,Sri Lanka,Central and Southern Asia,2000,1247229.499,1132592.062
148,TCD,Chad,Sub-Saharan Africa,2000,83964.241,90818.394
152,CHL,Chile,Latin America and the Caribbean,2000,15539762.26,26350970.77
156,CHN,China,China,2000,36916506.18,324427818.4
162,CXR,Christmas Islands,,2000,16370.245,301215.426
166,CCK,Cocos Islands,,2000,299.867,931.239
170,COL,Colombia,Latin America and the Caribbean,2000,9809766.215,67885902.95
174,COM,Comoros,Sub-Saharan Africa,2000,13340.78,2687.978
175,MYT,Mayotte,Sub-Saharan Africa,2000,1785.861257,7444.406941
178,COG,"Congo, Republic",Sub-Saharan Africa,2000,2964016.551,13611383.55
180,COD,"Congo, Democratic Republic",Sub-Saharan Africa,2000,397872.604,1121530.771
184,COK,Cook Islands,Oceania (excl. Australia and New Zealand),2000,5534.959,836.815
188,CRI,Costa Rica,Latin America and the Caribbean,2000,2132152.068,4079504.999
191,HRV,Croatia,Europe,2000,1231036.454,9710222.292
192,CUB,Cuba,Latin America and the Caribbean,2000,1814806.58,5554888.496
196,CYP,Cyprus,Northern Africa and Western Asia,2000,355585.644,2024652.52
203,CZE,Czech Republic,Europe,2000,4280762.247,29491209.56
204,BEN,Benin,Sub-Saharan Africa,2000,237954.863,386029.4407
208,DNK,Denmark,Europe,2000,13335697.58,31096539.17
212,DMA,Dominica,Latin America and the Caribbean,2000,39607.94438,380764.0937
214,DOM,Dominican Republic,Latin America and the Caribbean,2000,632185.07,988108.449
218,ECU,Ecuador,Latin America and the Caribbean,2000,4905098.383,19838332.37
222,SLV,El Salvador,Latin America and the Caribbean,2000,632240.4621,1163745.122
226,GNQ,Equatorial Guinea,Sub-Saharan Africa,2000,1182485.598,5342689.867
231,ETH,Ethiopia,Sub-Saharan Africa,2000,452962.9873,337116.2936
232,ERI,Eritrea,Sub-Saharan Africa,2000,9563.498,8279.601
233,EST,Estonia,Europe,2000,1668233.281,11855090.47
234,FRO,Faeroe Islands,Europe,2000,424090.4129,324346.2496
238,FLK,Falkland Islands (Malvinas),Latin America and the Caribbean,2000,85563.287,72810.923
239,SGS,South Georgia and the South Sandwich Islands,,2000,14.813,19
242,FJI,Fiji,Oceania (excl. Australia and New Zealand),2000,233486.234,598378.163
246,FIN,Finland,Europe,2000,9010386.352,20001100.81
251,FRA,France,Europe,2000,44188141.43,138502419.5
258,PYF,French Polynesia,Oceania (excl. Australia and New Zealand),2000,218046.2889,17182.92404
260,ATF,French Southern Territories,,2000,12.719,0.581
262,DJI,Djibouti,Sub-Saharan Africa,2000,6890.22,33669.372
266,GAB,Gabon,Sub-Saharan Africa,2000,3084224.675,17727327.79
268,GEO,Georgia,Northern Africa and Western Asia,2000,457681.0308,2379454.395
270,GMB,Gambia,Sub-Saharan Africa,2000,16724.486,18359.836
275,PSE,State of Palestine,Northern Africa and Western Asia,2000,18916.997,57808.83
276,DEU,Germany,Europe,2000,58363522.19,190533016
288,GHA,Ghana,Sub-Saharan Africa,2000,1315551.926,2018408.661
292,GIB,Gibraltar,Europe,2000,20901.255,31783.749
296,KIR,Kiribati,Oceania (excl. Australia and New Zealand),2000,17978.129,31642.784
300,GRC,Greece,Europe,2000,5142612.358,19361437.49
304,GRL,Greenland,Northern America,2000,253338.0787,115169.6253
308,GRD,Grenada,Latin America and the Caribbean,2000,29434.04344,18462.22017
316,GUM,Guam,Oceania (excl. Australia and New Zealand),2000,92079.804,233344.411
320,GTM,Guatemala,Latin America and the Caribbean,2000,1951870.237,4835868.092
324,GIN,Guinea,Sub-Saharan Africa,2000,498908.4425,9926403.208
328,GUY,Guyana,Latin America and the Caribbean,2000,525126.1916,3682095.158
332,HTI,Haiti,Latin America and the Caribbean,2000,34494.7,21644.899
334,HMD,Heard Island and McDonald Islands,,2000,118.922,1.94
336,VAT,Holy See,Europe,2000,1444.225,9640.008
340,HND,Honduras,Latin America and the Caribbean,2000,1116831.369,1294712.902
344,HKG,"China, Hong Kong SAR",China,2000,9247644.858,9926960.4
348,HUN,Hungary,Europe,2000,3478486.591,11997518.62
352,ISL,Iceland,Europe,2000,1849821.09,1462307.168
360,IDN,Indonesia,Eastern and South-Eastern Asia (excl. China),2000,33956106.62,216516678.9
364,IRN,Iran,Central and Southern Asia,2000,35213232.75,179091900.6
368,IRQ,Iraq,Northern Africa and Western Asia,2000,16163039.02,81497624.05
372,IRL,Ireland,Europe,2000,5239620.851,6966570.271
376,ISR,Israel,Northern Africa and Western Asia,2000,11004113.07,9386950.172
381,ITA,Italy,Europe,2000,27516288.05,56564327.71
384,CIV,Cote d'Ivoire,Sub-Saharan Africa,2000,3607919.678,7977568.972
388,JAM,Jamaica,Latin America and the Caribbean,2000,271751.2119,878928.5897
392,JPN,Japan,Eastern and South-Eastern Asia (excl. China),2000,25491905.4,60075157.21
398,KAZ,Kazakhstan,Central and Southern Asia,2000,9868194.166,80703335.72
400,JOR,Jordan,Northern Africa and Western Asia,2000,893673.0599,8031503.33
404,KEN,Kenya,Sub-Saharan Africa,2000,1403604.956,2124454.257
408,PRK,"Korea, Democratic People’s Republic",Eastern and South-Eastern Asia (excl. China),2000,295963.98,1322137.24
410,KOR,"Korea, Republic",Eastern and South-Eastern Asia (excl. China),2000,23241089.05,67322336.49
414,KWT,Kuwait,Northern Africa and Western Asia,2000,18091102.15,89035547.34
417,KGZ,Kyrgyzstan,Central and Southern Asia,2000,342739.1903,1262004.042
418,LAO,Lao PDR,Eastern and South-Eastern Asia (excl. China),2000,48901.261,254826.022
422,LBN,Lebanon,Northern Africa and Western Asia,2000,336233.3588,1695773.657
426,LSO,Lesotho,Sub-Saharan Africa,2000,5844.553,84785.193
428,LVA,Latvia,Europe,2000,1893118.358,12294972.26
430,LBR,Liberia,Sub-Saharan Africa,2000,182179.421,649777.019
434,LBY,Libya,Northern Africa and Western Asia,2000,13333544.45,61889155.86
440,LTU,Lithuania,Europe,2000,1959297.868,9577338.704
442,LUX,Luxembourg,Europe,2000,2714827.857,8351224.175
446,MAC,"China, Macao SAR",China,2000,142266.9692,367074.8296
450,MDG,Madagascar,Sub-Saharan Africa,2000,446226.3213,559925.6939
454,MWI,Malawi,Sub-Saharan Africa,2000,427731.5115,392882.455
458,MYS,Malaysia,Eastern and South-Eastern Asia (excl. China),2000,20203365.52,229095590.3
462,MDV,Maldives,Central and Southern Asia,2000,32047.25836,31528.02
466,MLI,Mali,Sub-Saharan Africa,2000,450474.1603,416719.404
470,MLT,Malta,Europe,2000,243191.9005,2211220.219
473,,"Latin American Integration Association, nes",,2000,533.185,373.67
478,MRT,Mauritania,Sub-Saharan Africa,2000,582691.9337,9792849.647
480,MUS,Mauritius,Sub-Saharan Africa,2000,400280.7586,837058.2457
484,MEX,Mexico,Latin America and the Caribbean,2000,26909469.34,127143487.8
490,,"Other Asia, nes",,2000,13003275.05,24716395.26
496,MNG,Mongolia,Eastern and South-Eastern Asia (excl. China),2000,319321.6627,782500.2174
498,MDA,Moldova,Europe,2000,343822.2441,1319321.882
500,MSR,Montserrat,Latin America and the Caribbean,2000,566.139,1055.502
504,MAR,Morocco,Northern Africa and Western Asia,2000,2906559.352,16794458.54
508,MOZ,Mozambique,Sub-Saharan Africa,2000,438366.013,718668.121
512,OMN,Oman,Northern Africa and Western Asia,2000,10700890.7,52201400.53
516,NAM,Namibia,Sub-Saharan Africa,2000,1012327.03,1324189.836
520,NRU,Nauru,Oceania (excl. Australia and New Zealand),2000,29834.894,517547.602
524,NPL,Nepal,Central and Southern Asia,2000,73090.71597,145359.9982
527,,"Oceania, nes",,2000,13489.219,78429.254
528,NLD,Netherlands,Europe,2000,53323246.47,179448487.3
530,ANT,Netherlands Antilles,,2000,1566029.689,6548717.779
533,ABW,Aruba,Latin America and the Caribbean,2000,1802923.097,7764320.738
540,NCL,New Caledonia,Oceania (excl. Australia and New Zealand),2000,620439.043,4357964.423
548,VUT,Vanuatu,Oceania (excl. Australia and New Zealand),2000,31490.65,47794.02
554,NZL,New Zealand,Australia and New Zealand,2000,9764759.735,18935068.39
558,NIC,Nicaragua,Latin America and the Caribbean,2000,605619.7442,664091.3952
562,NER,Niger,Sub-Saharan Africa,2000,398616.0103,1379613.768
566,NGA,Nigeria,Sub-Saharan Africa,2000,22550882.56,98244315.25
568,,"Other Europe, nes",,2000,326983.87,1104968.599
570,NIU,Niue,Oceania (excl. Australia and New Zealand),2000,514.142,690.154
574,NFK,Norfolk Islands,Australia and New Zealand,2000,562.75,334.402
577,,"Other Africa, nes",,2000,5741.658,9946.896
579,NOR,Norway,Europe,2000,47657115.59,217618408.5
580,MNP,Northern Mariana Islands,Oceania (excl. Australia and New Zealand),2000,204.578,241.45
581,UMI,United States Minor Outlying Islands,,2000,4774.144,1830.926
583,FSM,Micronesia,Oceania (excl. Australia and New Zealand),2000,54522.07,61796.757
584,MHL,Marshall Islands,Oceania (excl. Australia and New Zealand),2000,20565.944,37765.318
585,PLW,Palau,Oceania (excl. Australia and New Zealand),2000,18692.486,2761.322
586,PAK,Pakistan,Central and Southern Asia,2000,2435097.61,4029566.915
591,PAN,Panama,Latin America and the Caribbean,2000,945613.786,2064127.941
598,PNG,Papua New Guinea,Oceania (excl. Australia and New Zealand),2000,1781533.414,4631417.009
600,PRY,Paraguay,Latin America and the Caribbean,2000,970612.1089,4095196.971
604,PER,Peru,Latin America and the Caribbean,2000,5929793.67,13061053.19
608,PHL,Philippines,Eastern and South-Eastern Asia (excl. China),2000,3751825.706,16766181.53
612,PCN,Pitcairn,Oceania (excl. Australia and New Zealand),2000,1641.359,3075.085
616,POL,Poland,Europe,2000,7421239.368,52644166.31
620,PRT,Portugal,Europe,2000,3668618.264,9860182.074
624,GNB,Guinea-Bissau,Sub-Saharan Africa,2000,129033.792,345936.963
626,TLS,Timor-Leste,Eastern and South-Eastern Asia (excl. China),2000,34727.479,155024.124
634,QAT,Qatar,Northern Africa and Western Asia,2000,9287448.412,54467542.8
637,,"North America and Central America, nes",,2000,4036.518,35577.191
642,ROU,Romania,Europe,2000,3424702.324,15441203.36
643,RUS,Russian Federation,Europe,2000,99322430.54,601122290.8
646,RWA,Rwanda,Sub-Saharan Africa,2000,53050.993,25192.427
654,SHN,Saint Helena,Sub-Saharan Africa,2000,6339.662,5047.988
659,KNA,Saint Kitts and Nevis,Latin America and the Caribbean,2000,8037.282075,18328.36395
660,AIA,Anguilla,Latin America and the Caribbean,2000,335.779,1688.106
662,LCA,Saint Lucia,Latin America and the Caribbean,2000,37635.75988,65634.94244
666,SPM,Saint Pierre and Miquelon,Northern America,2000,8095.857,3594.827
670,VCT,Saint Vincent and the Grenadines,Latin America and the Caribbean,2000,62516.79998,130988.0411
674,SMR,San Marino,Europe,2000,2284.285,281.992
678,STP,Sao Tome and Principe,Sub-Saharan Africa,2000,14238.61556,11279.26523
682,SAU,Saudi Arabia,Northern Africa and Western Asia,2000,122461863.3,612275439.2
686,SEN,Senegal,Sub-Saharan Africa,2000,648002.7418,2210956.861
690,SYC,Seychelles,Sub-Saharan Africa,2000,41805.376,42806.015
694,SLE,Sierra Leone,Sub-Saharan Africa,2000,14087.628,28802.331
699,IND,India,Central and Southern Asia,2000,20733139.22,63806642.76
702,SGP,Singapore,Eastern and South-Eastern Asia (excl. China),2000,16264242.21,53320573.29
703,SVK,Slovakia,Europe,2000,3071407.197,15396222.56
704,VNM,Vietnam,Eastern and South-Eastern Asia (excl. China),2000,8115392.23,29925708.9
705,SVN,Slovenia,Europe,2000,1071605.156,2173956.667
706,SOM,Somalia,Sub-Saharan Africa,2000,74277.928,117834.318
710,ZAF,South Africa,Sub-Saharan Africa,2000,23977068.14,156085834.6
716,ZWE,Zimbabwe,Sub-Saharan Africa,2000,1801609.981,2788576.264
724,ESP,Spain,Europe,2000,24908796.99,60575455.08
732,ESH,Western Sahara,Northern Africa and Western Asia,2000,274.013,146.535
736,SDN,Former Sudan,,2000,2351919.89,9928508.855
740,SUR,Suriname,Latin America and the Caribbean,2000,173206.626,132711.66
748,SWZ,Eswatini,Sub-Saharan Africa,2000,312850.5097,868895.2237
752,SWE,Sweden,Europe,2000,15027983.6,56457491.5
757,CHE,Switzerland,Europe,2000,17968851.11,13818773.95
760,SYR,Syria,Northern Africa and Western Asia,2000,4446876.332,20870575.05
762,TJK,Tajikistan,Central and Southern Asia,2000,355131.169,347364.706
764,THA,Thailand,Eastern and South-Eastern Asia (excl. China),2000,14495476.38,57712607.79
768,TGO,Togo,Sub-Saharan Africa,2000,278417.0988,3119416.45
772,TKL,Tokelau,Oceania (excl. Australia and New Zealand),2000,670.632,712.395
776,TON,Tonga,Oceania (excl. Australia and New Zealand),2000,16038.304,18830.468
780,TTO,Trinidad and Tobago,Latin America and the Caribbean,2000,3299137.445,14623085.78
784,ARE,United Arab Emirates,Northern Africa and Western Asia,2000,29446970.4,126572757.5
788,TUN,Tunisia,Northern Africa and Western Asia,2000,1712697.223,8713425.938
792,TUR,Turkey,Northern Africa and Western Asia,2000,6648291.132,27595518.94
795,TKM,Turkmenistan,Central and Southern Asia,2000,2033897.394,12313010.6
796,TCA,Turks and Caicos Islands,Latin America and the Caribbean,2000,4815.463,1385.379
798,TUV,Tuvalu,Oceania (excl. Australia and New Zealand),2000,175.8,405.975
800,UGA,Uganda,Sub-Saharan Africa,2000,456241.181,406110.7546
804,UKR,Ukraine,Europe,2000,8655216.444,62322784.69
807,MKD,North Macedonia,Europe,2000,632002.2284,1992391.106
818,EGY,Egypt,Northern Africa and Western Asia,2000,3759427.175,15965611.87
826,GBR,United Kingdom,Europe,2000,52451539.23,162147019.6
834,TZA,Tanzania,Sub-Saharan Africa,2000,791494.045,790350.8896
837,,Bunkers,,2000,1706.757,1730.038
838,,Free Zones,,2000,1329645.136,6693564.809
839,,Special Categories,,2000,10963125.07,74543880.22
842,USA,United States,Northern America,2000,106434136.4,297088370.6
854,BFA,Burkina Faso,Sub-Saharan Africa,2000,246536.9716,421275.2345
858,URY,Uruguay,Latin America and the Caribbean,2000,1729528.646,3351097.983
860,UZB,Uzbekistan,Central and Southern Asia,2000,1579645.92,2067321.263
862,VEN,Venezuela,Latin America and the Caribbean,2000,28821908.25,150979394.3
876,WLF,Wallis and Futuna Islands,Oceania (excl. Australia and New Zealand),2000,941.208,244.45
882,WSM,Samoa,Oceania (excl. Australia and New Zealand),2000,10841.039,12214.016
887,YEM,Yemen,Northern Africa and Western Asia,2000,3462118.714,15449762.78
891,SCG,Serbia and Montenegro,,2000,875397.2126,2366893.362
894,ZMB,Zambia,Sub-Saharan Africa,2000,567825.128,422308.886
899,,"Areas, nes",,2000,15724182.38,74738881.28
4,AFG,Afghanistan,Central and Southern Asia,2001,54732.865,48916.68
8,ALB,Albania,Europe,2001,82438.12977,218032.6622
10,ATA,Antarctica,,2001,64.669,3.889
12,DZA,Algeria,Northern Africa and Western Asia,2001,18105491.68,89285598.42
16,ASM,American Samoa,Oceania (excl. Australia and New Zealand),2001,7648.694,18079.974
20,AND,Andorra,Europe,2001,11692.32745,921735.908
24,AGO,Angola,Sub-Saharan Africa,2001,5960742.959,32725853.42
28,ATG,Antigua and Barbuda,Latin America and the Caribbean,2001,8622.514,49408.244
31,AZE,Azerbaijan,Northern Africa and Western Asia,2001,2247689.158,11588464.97
32,ARG,Argentina,Latin America and the Caribbean,2001,19347585.76,86569809.08
36,AUS,Australia,Australia and New Zealand,2001,51008781.1,530328578.7
40,AUT,Austria,Europe,2001,9004998.252,23845242.75
44,BHS,Bahamas,Latin America and the Caribbean,2001,340719.3081,2590950.096
48,BHR,Bahrain,Northern Africa and Western Asia,2001,2102257.107,7542688.316
50,BGD,Bangladesh,Central and Southern Asia,2001,822504.764,939802.15
51,ARM,Armenia,Northern Africa and Western Asia,2001,165771.1023,247857.2671
52,BRB,Barbados,Latin America and the Caribbean,2001,183319.7151,894078.0445
56,BEL,Belgium,Europe,2001,42074062.35,112126672.3
60,BMU,Bermuda,Northern America,2001,10902.46,33980.238
64,BTN,Bhutan,Central and Southern Asia,2001,13302.645,30300.336
68,BOL,Bolivia,Latin America and the Caribbean,2001,1187740.968,6521112.821
70,BIH,Bosnia Herzegovina,Europe,2001,445662.766,1559952.027
72,BWA,Botswana,Sub-Saharan Africa,2001,2384551.401,365132.4114
74,BVT,Bouvet Island,,2001,2,0.1
76,BRA,Brazil,Latin America and the Caribbean,2001,32923995.16,260810267.2
84,BLZ,Belize,Latin America and the Caribbean,2001,203800.8676,590264.3889
86,IOT,British Indian Ocean Territory,,2001,51236.693,19886.268
90,SLB,Solomon Islands,Oceania (excl. Australia and New Zealand),2001,51825.029,247098.557
92,VGB,British Virgin Islands,Latin America and the Caribbean,2001,133303.929,423786.183
96,BRN,Brunei Darussalam,Eastern and South-Eastern Asia (excl. China),2001,3131324.872,14645030.05
100,BGR,Bulgaria,Europe,2001,2147939.451,6289935.849
104,MMR,Myanmar,Eastern and South-Eastern Asia (excl. China),2001,1416264.583,7713085.481
108,BDI,Burundi,Sub-Saharan Africa,2001,30625.44,19183.092
112,BLR,Belarus,Europe,2001,2662368.348,20092029.83
116,KHM,Cambodia,Eastern and South-Eastern Asia (excl. China),2001,115585.0563,263703.3233
120,CMR,Cameroon,Sub-Saharan Africa,2001,2052620.713,7549065.524
124,CAN,Canada,Northern America,2001,84350772.04,325568793.2
132,CPV,Cabo Verde,Sub-Saharan Africa,2001,1950.835405,6108.093
136,CYM,Cayman Islands,Latin America and the Caribbean,2001,8563.013,52391.172
140,CAF,Central African Republic,Sub-Saharan Africa,2001,60868.267,112947.378
144,LKA,Sri Lanka,Central and Southern Asia,2001,1260386.389,1019192.714
148,TCD,Chad,Sub-Saharan Africa,2001,73843.08,60179.074
152,CHL,Chile,Latin America and the Caribbean,2001,14853264.99,26060629.23
156,CHN,China,China,2001,36098650.33,349394720.6
162,CXR,Christmas Islands,,2001,9466.308,183753.641
166,CCK,Cocos Islands,,2001,279.179,164.046
170,COL,Colombia,Latin America and the Caribbean,2001,8476742.761,72367448.51
174,COM,Comoros,Sub-Saharan Africa,2001,37205.632,3829.78
175,MYT,Mayotte,Sub-Saharan Africa,2001,377.8442404,316.2523857
178,COG,"Congo, Republic",Sub-Saharan Africa,2001,2327999.641,12163485.83
180,COD,"Congo, Democratic Republic",Sub-Saharan Africa,2001,325006.84,1043448.998
184,COK,Cook Islands,Oceania (excl. Australia and New Zealand),2001,4629.206,851.389
188,CRI,Costa Rica,Latin America and the Caribbean,2001,2073333.866,4055773.833
191,HRV,Croatia,Europe,2001,1282273.529,10936184.5
192,CUB,Cuba,Latin America and the Caribbean,2001,1551203.37,4814863.993
196,CYP,Cyprus,Northern Africa and Western Asia,2001,348597.6379,1822013.877
203,CZE,Czech Republic,Europe,2001,4450829.825,27436701.15
204,BEN,Benin,Sub-Saharan Africa,2001,225010.115,290925.6467
208,DNK,Denmark,Europe,2001,13241618.97,31177671.27
212,DMA,Dominica,Latin America and the Caribbean,2001,22471.1067,270033.7212
214,DOM,Dominican Republic,Latin America and the Caribbean,2001,578579.2833,2075775.478
218,ECU,Ecuador,Latin America and the Caribbean,2001,4547763.036,19976682.52
222,SLV,El Salvador,Latin America and the Caribbean,2001,524791.9844,1298197.066
226,GNQ,Equatorial Guinea,Sub-Saharan Africa,2001,1603732.004,8752275.017
231,ETH,Ethiopia,Sub-Saharan Africa,2001,384675.7478,388264.9979
232,ERI,Eritrea,Sub-Saharan Africa,2001,6817.057,6852.759
233,EST,Estonia,Europe,2001,1596723.865,11704261.17
234,FRO,Faeroe Islands,Europe,2001,526860.2471,377556.8289
238,FLK,Falkland Islands (Malvinas),Latin America and the Caribbean,2001,75820.392,65946.374
239,SGS,South Georgia and the South Sandwich Islands,,2001,487.873,574.221
242,FJI,Fiji,Oceania (excl. Australia and New Zealand),2001,221298.018,519291.347
246,FIN,Finland,Europe,2001,8500212.157,19993070.04
251,FRA,France,Europe,2001,42260902.85,130747803.1
258,PYF,French Polynesia,Oceania (excl. Australia and New Zealand),2001,159634.2329,15488.2429
260,ATF,French Southern Territories,,2001,981.155,6002.196
262,DJI,Djibouti,Sub-Saharan Africa,2001,14361.728,133523.155
266,GAB,Gabon,Sub-Saharan Africa,2001,2805696.412,16466893.34
268,GEO,Georgia,Northern Africa and Western Asia,2001,423780.8344,2291144.975
270,GMB,Gambia,Sub-Saharan Africa,2001,23110.647,30600.056
275,PSE,State of Palestine,Northern Africa and Western Asia,2001,15689.09,57473.435
276,DEU,Germany,Europe,2001,59088678.33,195124606.9
288,GHA,Ghana,Sub-Saharan Africa,2001,1320322.058,2921999.212
292,GIB,Gibraltar,Europe,2001,12576.659,48503.365
296,KIR,Kiribati,Oceania (excl. Australia and New Zealand),2001,31786.082,40531.123
300,GRC,Greece,Europe,2001,4917323.648,18272994.63
304,GRL,Greenland,Northern America,2001,252997.3961,122495.3025
308,GRD,Grenada,Latin America and the Caribbean,2001,31093.63887,18002.48722
316,GUM,Guam,Oceania (excl. Australia and New Zealand),2001,32157.063,23739.818
320,GTM,Guatemala,Latin America and the Caribbean,2001,1686790.108,4773538.226
324,GIN,Guinea,Sub-Saharan Africa,2001,655582.0445,10874229.03
328,GUY,Guyana,Latin America and the Caribbean,2001,554411.7891,5144739.043
332,HTI,Haiti,Latin America and the Caribbean,2001,27054.767,17534.581
334,HMD,Heard Island and McDonald Islands,,2001,305.503,372.358
336,VAT,Holy See,Europe,2001,2032.377,9673.04
340,HND,Honduras,Latin America and the Caribbean,2001,964849.8625,1550815.899
344,HKG,"China, Hong Kong SAR",China,2001,9165214.468,8860230.05
348,HUN,Hungary,Europe,2001,3751088.41,13002598.11
352,ISL,Iceland,Europe,2001,1895742.773,1552896.791
360,IDN,Indonesia,Eastern and South-Eastern Asia (excl. China),2001,31419678.53,261980706.5
364,IRN,Iran,Central and Southern Asia,2001,29912096.91,165748802.9
368,IRQ,Iraq,Northern Africa and Western Asia,2001,11104260.01,67899104.46
372,IRL,Ireland,Europe,2001,4674750.103,7299391.95
376,ISR,Israel,Northern Africa and Western Asia,2001,9907903.208,21349756.92
381,ITA,Italy,Europe,2001,27853773.21,59017640.82
384,CIV,Cote d'Ivoire,Sub-Saharan Africa,2001,3382374.277,6969073.65
388,JAM,Jamaica,Latin America and the Caribbean,2001,320018.9939,1347100.565
392,JPN,Japan,Eastern and South-Eastern Asia (excl. China),2001,23820750.4,64818674.56
398,KAZ,Kazakhstan,Central and Southern Asia,2001,9565944.751,91600475.36
400,JOR,Jordan,Northern Africa and Western Asia,2001,848666.2829,8190739.474
404,KEN,Kenya,Sub-Saharan Africa,2001,1423095.82,2069157.87
408,PRK,"Korea, Democratic People’s Republic",Eastern and South-Eastern Asia (excl. China),2001,342990.913,1576970.7
410,KOR,"Korea, Republic",Eastern and South-Eastern Asia (excl. China),2001,20271827.73,64518343.91
414,KWT,Kuwait,Northern Africa and Western Asia,2001,14910234.11,82422307.39
417,KGZ,Kyrgyzstan,Central and Southern Asia,2001,348594.8981,528075.9708
418,LAO,Lao PDR,Eastern and South-Eastern Asia (excl. China),2001,47398.784,379679.591
422,LBN,Lebanon,Northern Africa and Western Asia,2001,383835.7676,1885166.079
426,LSO,Lesotho,Sub-Saharan Africa,2001,5063.978,2947.846
428,LVA,Latvia,Europe,2001,1828763.341,12591723.15
430,LBR,Liberia,Sub-Saharan Africa,2001,158404.404,470124.483
434,LBY,Libya,Northern Africa and Western Asia,2001,11977624.98,62347261.82
440,LTU,Lithuania,Europe,2001,2193541.27,11780667.59
442,LUX,Luxembourg,Europe,2001,2600818.976,8929336.838
446,MAC,"China, Macao SAR",China,2001,139058.1605,313275.2017
450,MDG,Madagascar,Sub-Saharan Africa,2001,546617.8781,463474.4081
454,MWI,Malawi,Sub-Saharan Africa,2001,455311.1261,411387.3073
458,MYS,Malaysia,Eastern and South-Eastern Asia (excl. China),2001,17715703.04,134239067.4
462,MDV,Maldives,Central and Southern Asia,2001,39117.54536,41798.38544
466,MLI,Mali,Sub-Saharan Africa,2001,535002.7976,320278.8559
470,MLT,Malta,Europe,2001,139548.2403,560903.9622
473,,"Latin American Integration Association, nes",,2001,214.5,39.716
478,MRT,Mauritania,Sub-Saharan Africa,2001,588976.8144,11327848.64
480,MUS,Mauritius,Sub-Saharan Africa,2001,444475.7523,941175.8402
484,MEX,Mexico,Latin America and the Caribbean,2001,22392949.45,126508739.2
490,,"Other Asia, nes",,2001,11899805.88,25843699.4
496,MNG,Mongolia,Eastern and South-Eastern Asia (excl. China),2001,329151.7073,851500.6992
498,MDA,Moldova,Europe,2001,316497.2769,1322204.551
500,MSR,Montserrat,Latin America and the Caribbean,2001,1889.752,2801.961
504,MAR,Morocco,Northern Africa and Western Asia,2001,2808578.207,15079803.61
508,MOZ,Mozambique,Sub-Saharan Africa,2001,1282837.736,1343175.415
512,OMN,Oman,Northern Africa and Western Asia,2001,10427735.04,54069015.06
516,NAM,Namibia,Sub-Saharan Africa,2001,1104367.021,1229790.217
520,NRU,Nauru,Oceania (excl. Australia and New Zealand),2001,14736.553,232483.195
524,NPL,Nepal,Central and Southern Asia,2001,107773.509,176954.104
527,,"Oceania, nes",,2001,10293.397,23260.854
528,NLD,Netherlands,Europe,2001,49664355.89,164361334.4
530,ANT,Netherlands Antilles,,2001,1218949.844,7195590.321
533,ABW,Aruba,Latin America and the Caribbean,2001,1303008.148,6156119.281
540,NCL,New Caledonia,Oceania (excl. Australia and New Zealand),2001,459749.1511,5034947.414
548,VUT,Vanuatu,Oceania (excl. Australia and New Zealand),2001,21608.019,40376.094
554,NZL,New Zealand,Australia and New Zealand,2001,10296448.18,20865046.92
558,NIC,Nicaragua,Latin America and the Caribbean,2001,595498.4706,961300.8105
562,NER,Niger,Sub-Saharan Africa,2001,254776.4433,624590.1732
566,NGA,Nigeria,Sub-Saharan Africa,2001,21911533.24,95576811.55
568,,"Other Europe, nes",,2001,174412.485,380846.812
570,NIU,Niue,Oceania (excl. Australia and New Zealand),2001,374.441,682.474
574,NFK,Norfolk Islands,Australia and New Zealand,2001,263.672,334.955
577,,"Other Africa, nes",,2001,6543.014,14007.195
579,NOR,Norway,Europe,2001,44661996.62,218661798.7
580,MNP,Northern Mariana Islands,Oceania (excl. Australia and New Zealand),2001,1890.97,2289.922
581,UMI,United States Minor Outlying Islands,,2001,6898.365,3486.142
583,FSM,Micronesia,Oceania (excl. Australia and New Zealand),2001,79352.131,72894.631
584,MHL,Marshall Islands,Oceania (excl. Australia and New Zealand),2001,43815.406,64791.585
585,PLW,Palau,Oceania (excl. Australia and New Zealand),2001,13438.662,2406.299
586,PAK,Pakistan,Central and Southern Asia,2001,2687410.815,4912245.782
591,PAN,Panama,Latin America and the Caribbean,2001,904291.9117,1688218.41
598,PNG,Papua New Guinea,Oceania (excl. Australia and New Zealand),2001,1530325.47,4193720.285
600,PRY,Paraguay,Latin America and the Caribbean,2001,1123775.176,5702013.473
604,PER,Peru,Latin America and the Caribbean,2001,5838761.008,15351304.69
608,PHL,Philippines,Eastern and South-Eastern Asia (excl. China),2001,3357240.357,16431145.9
612,PCN,Pitcairn,Oceania (excl. Australia and New Zealand),2001,235.789,243.695
616,POL,Poland,Europe,2001,7745960.848,50109176
620,PRT,Portugal,Europe,2001,3412696.368,9951897.002
624,GNB,Guinea-Bissau,Sub-Saharan Africa,2001,84608.674,445786.532
626,TLS,Timor-Leste,Eastern and South-Eastern Asia (excl. China),2001,5066.104,3813.429
634,QAT,Qatar,Northern Africa and Western Asia,2001,10944704.69,56574988.83
637,,"North America and Central America, nes",,2001,6406.174,48411.791
642,ROU,Romania,Europe,2001,3289407.343,14917607.06
643,RUS,Russian Federation,Europe,2001,81737843.26,499414367.1
646,RWA,Rwanda,Sub-Saharan Africa,2001,81541.56234,59844.39804
654,SHN,Saint Helena,Sub-Saharan Africa,2001,7550.815,1193.949
659,KNA,Saint Kitts and Nevis,Latin America and the Caribbean,2001,11007.6671,27429.544
660,AIA,Anguilla,Latin America and the Caribbean,2001,837.187,1354.386
662,LCA,Saint Lucia,Latin America and the Caribbean,2001,35918.36297,108379.7579
666,SPM,Saint Pierre and Miquelon,Northern America,2001,7048.172,2927.316
670,VCT,Saint Vincent and the Grenadines,Latin America and the Caribbean,2001,64263.20015,100525.1573
674,SMR,San Marino,Europe,2001,470.688,164.936
678,STP,Sao Tome and Principe,Sub-Saharan Africa,2001,6341.849187,5703.159234
682,SAU,Saudi Arabia,Northern Africa and Western Asia,2001,104135752.8,612825477.8
686,SEN,Senegal,Sub-Saharan Africa,2001,652605.355,2293728.9
690,SYC,Seychelles,Sub-Saharan Africa,2001,86281.59435,65899.01983
694,SLE,Sierra Leone,Sub-Saharan Africa,2001,10181.002,11129.937
699,IND,India,Central and Southern Asia,2001,20909568.64,77974134.74
702,SGP,Singapore,Eastern and South-Eastern Asia (excl. China),2001,14022815.48,49129236.84
703,SVK,Slovakia,Europe,2001,3166222.01,16373639.33
704,VNM,Vietnam,Eastern and South-Eastern Asia (excl. China),2001,7902129.775,26976171.85
705,SVN,Slovenia,Europe,2001,1101359.721,3696536.413
706,SOM,Somalia,Sub-Saharan Africa,2001,30205.653,81014.459
710,ZAF,South Africa,Sub-Saharan Africa,2001,19728400.97,154392073.2
716,ZWE,Zimbabwe,Sub-Saharan Africa,2001,1808107.563,2442447.826
724,ESP,Spain,Europe,2001,24980498.72,59552997.68
732,ESH,Western Sahara,Northern Africa and Western Asia,2001,4781.786,2744.147
736,SDN,Former Sudan,,2001,3245360.588,13858709.28
740,SUR,Suriname,Latin America and the Caribbean,2001,122796.986,262012.976
748,SWZ,Eswatini,Sub-Saharan Africa,2001,323990.8221,3557405.359
752,SWE,Sweden,Europe,2001,13328371.3,52090793.27
757,CHE,Switzerland,Europe,2001,13985369.94,12699341.86
760,SYR,Syria,Northern Africa and Western Asia,2001,8988722.947,28528629.29
762,TJK,Tajikistan,Central and Southern Asia,2001,296203.647,315845.446
764,THA,Thailand,Eastern and South-Eastern Asia (excl. China),2001,13730445.81,73791459.4
768,TGO,Togo,Sub-Saharan Africa,2001,356653.5634,3441313.961
772,TKL,Tokelau,Oceania (excl. Australia and New Zealand),2001,6626.291,10279.949
776,TON,Tonga,Oceania (excl. Australia and New Zealand),2001,20138.958,18546.322
780,TTO,Trinidad and Tobago,Latin America and the Caribbean,2001,3117279.713,16328110.45
784,ARE,United Arab Emirates,Northern Africa and Western Asia,2001,27155510.66,125661100.6
788,TUN,Tunisia,Northern Africa and Western Asia,2001,1646763.894,9163899.847
792,TUR,Turkey,Northern Africa and Western Asia,2001,7936767.02,33396449.17
795,TKM,Turkmenistan,Central and Southern Asia,2001,2205613.521,19489325.99
796,TCA,Turks and Caicos Islands,Latin America and the Caribbean,2001,7300.43,14880.315
798,TUV,Tuvalu,Oceania (excl. Australia and New Zealand),2001,14288.897,16639.949
800,UGA,Uganda,Sub-Saharan Africa,2001,477733.5059,457903.7533
804,UKR,Ukraine,Europe,2001,11347232.99,88605220.73
807,MKD,North Macedonia,Europe,2001,461345.4642,1459347.521
818,EGY,Egypt,Northern Africa and Western Asia,2001,3269114.892,13817568.1
826,GBR,United Kingdom,Europe,2001,46231507.08,157506069.2
834,TZA,Tanzania,Sub-Saharan Africa,2001,727231.5411,729174.3998
837,,Bunkers,,2001,847.701,1043.353
838,,Free Zones,,2001,763509.459,4431414.875
839,,Special Categories,,2001,11792374.29,64877199.58
842,USA,United States,Northern America,2001,102264511.4,291953437.3
849,,,,2001,26.326,70
854,BFA,Burkina Faso,Sub-Saharan Africa,2001,223621.0335,343769.3913
858,URY,Uruguay,Latin America and the Caribbean,2001,1529647.902,3636059.634
860,UZB,Uzbekistan,Central and Southern Asia,2001,1798207.382,4487907.975
862,VEN,Venezuela,Latin America and the Caribbean,2001,23248985.57,155675851.7
876,WLF,Wallis and Futuna Islands,Oceania (excl. Australia and New Zealand),2001,920.266,1686.201
882,WSM,Samoa,Oceania (excl. Australia and New Zealand),2001,12988.42233,8912.96646
887,YEM,Yemen,Northern Africa and Western Asia,2001,2647160.987,12577064.63
891,SCG,Serbia and Montenegro,,2001,869561.0814,2071197.341
894,ZMB,Zambia,Sub-Saharan Africa,2001,554320.495,386743.411
899,,"Areas, nes",,2001,16967598.86,150554426.2
4,AFG,Afghanistan,Central and Southern Asia,2002,47301.353,79397.945
8,ALB,Albania,Europe,2002,93812.01628,221883.7447
10,ATA,Antarctica,,2002,6.809,0.521
12,DZA,Algeria,Northern Africa and Western Asia,2002,20029871.33,94441300.98
16,ASM,American Samoa,Oceania (excl. Australia and New Zealand),2002,24297.271,37032.199
20,AND,Andorra,Europe,2002,6743.005037,947858.4744
24,AGO,Angola,Sub-Saharan Africa,2002,7401702.709,39770618.12
28,ATG,Antigua and Barbuda,Latin America and the Caribbean,2002,16651.094,79822.939
31,AZE,Azerbaijan,Northern Africa and Western Asia,2002,2206241.627,12437754.99
32,ARG,Argentina,Latin America and the Caribbean,2002,19810544.96,85974478.94
36,AUS,Australia,Australia and New Zealand,2002,52550254.18,556660551.7
40,AUT,Austria,Europe,2002,9798760.709,25250468.7
44,BHS,Bahamas,Latin America and the Caribbean,2002,507454.6425,2601123.183
48,BHR,Bahrain,Northern Africa and Western Asia,2002,6472153.407,24039940.25
50,BGD,Bangladesh,Central and Southern Asia,2002,812451.3956,931174.1232
51,ARM,Armenia,Northern Africa and Western Asia,2002,289466.5158,229037.8018
52,BRB,Barbados,Latin America and the Caribbean,2002,191035.8209,746719.9838
56,BEL,Belgium,Europe,2002,46644241.46,122617186.2
60,BMU,Bermuda,Northern America,2002,10713.378,29351.618
64,BTN,Bhutan,Central and Southern Asia,2002,12839.566,64986.441
68,BOL,Bolivia,Latin America and the Caribbean,2002,1244908.639,8249309.52
70,BIH,Bosnia Herzegovina,Europe,2002,469325.814,2150219.114
72,BWA,Botswana,Sub-Saharan Africa,2002,1653022.167,336660.5482
74,BVT,Bouvet Island,,2002,6138.704,15734.238
76,BRA,Brazil,Latin America and the Caribbean,2002,35761528.19,278394408.2
84,BLZ,Belize,Latin America and the Caribbean,2002,143460.0714,395370.0467
86,IOT,British Indian Ocean Territory,,2002,36797.245,16861.887
90,SLB,Solomon Islands,Oceania (excl. Australia and New Zealand),2002,51327.227,277086.547
92,VGB,British Virgin Islands,Latin America and the Caribbean,2002,213375.572,895408.422
96,BRN,Brunei Darussalam,Eastern and South-Eastern Asia (excl. China),2002,3214322.745,16393506.63
100,BGR,Bulgaria,Europe,2002,2377727.491,10072489.5
104,MMR,Myanmar,Eastern and South-Eastern Asia (excl. China),2002,1602494.487,9402545.718
108,BDI,Burundi,Sub-Saharan Africa,2002,30333.21,233590.355
112,BLR,Belarus,Europe,2002,2921754.587,22787546.13
116,KHM,Cambodia,Eastern and South-Eastern Asia (excl. China),2002,144942.975,284624.9603
120,CMR,Cameroon,Sub-Saharan Africa,2002,1946264.957,7215244.066
124,CAN,Canada,Northern America,2002,81405095.89,329745140.3
132,CPV,Cabo Verde,Sub-Saharan Africa,2002,7126.78235,33622.64078
136,CYM,Cayman Islands,Latin America and the Caribbean,2002,29032.836,248053.681
140,CAF,Central African Republic,Sub-Saharan Africa,2002,46888.868,87664.668
144,LKA,Sri Lanka,Central and Southern Asia,2002,1495171.859,1083572.755
148,TCD,Chad,Sub-Saharan Africa,2002,60557.561,60174.832
152,CHL,Chile,Latin America and the Caribbean,2002,14732498.64,25779559.5
156,CHN,China,China,2002,38978292.67,719097263.5
162,CXR,Christmas Islands,,2002,29534.44,272750.103
166,CCK,Cocos Islands,,2002,137.303,113.659
170,COL,Colombia,Latin America and the Caribbean,2002,8587595.616,67595853.61
174,COM,Comoros,Sub-Saharan Africa,2002,26675.232,2422.365
175,MYT,Mayotte,Sub-Saharan Africa,2002,1588.360004,2095.771383
178,COG,"Congo, Republic",Sub-Saharan Africa,2002,2122015.174,11186207.18
180,COD,"Congo, Democratic Republic",Sub-Saharan Africa,2002,422325.8,1444296.825
184,COK,Cook Islands,Oceania (excl. Australia and New Zealand),2002,5817.893,1212.783
188,CRI,Costa Rica,Latin America and the Caribbean,2002,2231911.727,4199717.536
191,HRV,Croatia,Europe,2002,1349015.751,10043514.05
192,CUB,Cuba,Latin America and the Caribbean,2002,1542267.065,5479294.857
196,CYP,Cyprus,Northern Africa and Western Asia,2002,339942.9526,1930213.559
203,CZE,Czech Republic,Europe,2002,5104840.368,32578555.46
204,BEN,Benin,Sub-Saharan Africa,2002,237336.0719,459033.8731
208,DNK,Denmark,Europe,2002,14020815.14,33609399.51
212,DMA,Dominica,Latin America and the Caribbean,2002,22991.77287,256526.6385
214,DOM,Dominican Republic,Latin America and the Caribbean,2002,863064.1066,2241164.538
218,ECU,Ecuador,Latin America and the Caribbean,2002,4958098.013,19730440.29
222,SLV,El Salvador,Latin America and the Caribbean,2002,440755.4127,1121180.275
226,GNQ,Equatorial Guinea,Sub-Saharan Africa,2002,1768532.385,8573139.7
231,ETH,Ethiopia,Sub-Saharan Africa,2002,435091.5557,554038.3974
232,ERI,Eritrea,Sub-Saharan Africa,2002,5029.916,2472.484
233,EST,Estonia,Europe,2002,1742632.715,11808449.31
234,FRO,Faeroe Islands,Europe,2002,526227.8403,354488.5471
238,FLK,Falkland Islands (Malvinas),Latin America and the Caribbean,2002,86341.307,61014.855
239,SGS,South Georgia and the South Sandwich Islands,,2002,30,31.959
242,FJI,Fiji,Oceania (excl. Australia and New Zealand),2002,276377.2816,900543.4551
246,FIN,Finland,Europe,2002,9079063.613,21795933.85
251,FRA,France,Europe,2002,43742005.24,128093178.2
258,PYF,French Polynesia,Oceania (excl. Australia and New Zealand),2002,180958.5087,18993.47562
260,ATF,French Southern Territories,,2002,33.591,90.966
262,DJI,Djibouti,Sub-Saharan Africa,2002,17921.17,200203.945
266,GAB,Gabon,Sub-Saharan Africa,2002,2724983.945,15652215
268,GEO,Georgia,Northern Africa and Western Asia,2002,416277.269,2472794.787
270,GMB,Gambia,Sub-Saharan Africa,2002,28420.9118,53623.06594
275,PSE,State of Palestine,Northern Africa and Western Asia,2002,16497.358,51656.813
276,DEU,Germany,Europe,2002,62091453.06,204135202.1
288,GHA,Ghana,Sub-Saharan Africa,2002,1489024.838,2562610.873
292,GIB,Gibraltar,Europe,2002,23287.427,96868.13
296,KIR,Kiribati,Oceania (excl. Australia and New Zealand),2002,28731.125,41853.495
300,GRC,Greece,Europe,2002,4740601.562,14978109.8
304,GRL,Greenland,Northern America,2002,294893.654,154536.0807
308,GRD,Grenada,Latin America and the Caribbean,2002,35889.95217,42339.90931
316,GUM,Guam,Oceania (excl. Australia and New Zealand),2002,30697.032,56073.136
320,GTM,Guatemala,Latin America and the Caribbean,2002,1747068.63,5337095.468
324,GIN,Guinea,Sub-Saharan Africa,2002,696192.3044,11326142.83
328,GUY,Guyana,Latin America and the Caribbean,2002,444522.1795,2319588.107
332,HTI,Haiti,Latin America and the Caribbean,2002,32333.53,156311.839
334,HMD,Heard Island and McDonald Islands,,2002,25.487,218.276
336,VAT,Holy See,Europe,2002,539.148,3018.194
340,HND,Honduras,Latin America and the Caribbean,2002,958604.4902,1678798.373
344,HKG,"China, Hong Kong SAR",China,2002,11102000.29,9519844.722
348,HUN,Hungary,Europe,2002,3961646.043,14207232.15
352,ISL,Iceland,Europe,2002,2004218.526,1632655.144
360,IDN,Indonesia,Eastern and South-Eastern Asia (excl. China),2002,32441175.42,228205105.5
364,IRN,Iran,Central and Southern Asia,2002,27082087.97,148736841.8
368,IRQ,Iraq,Northern Africa and Western Asia,2002,9717170.5,55068568.03
372,IRL,Ireland,Europe,2002,4863467.736,8173519.703
376,ISR,Israel,Northern Africa and Western Asia,2002,12067720.41,7361413.564
381,ITA,Italy,Europe,2002,28420066.44,55602131.63
384,CIV,Cote d'Ivoire,Sub-Saharan Africa,2002,4181662.763,7014977.508
388,JAM,Jamaica,Latin America and the Caribbean,2002,330266.2977,720295.7625
392,JPN,Japan,Eastern and South-Eastern Asia (excl. China),2002,25026091.93,74248777.76
398,KAZ,Kazakhstan,Central and Southern Asia,2002,11115591.85,104118969.9
400,JOR,Jordan,Northern Africa and Western Asia,2002,1150355.966,9176103.463
404,KEN,Kenya,Sub-Saharan Africa,2002,1249833.107,2415317.153
408,PRK,"Korea, Democratic People’s Republic",Eastern and South-Eastern Asia (excl. China),2002,471550.276,2144696.531
410,KOR,"Korea, Republic",Eastern and South-Eastern Asia (excl. China),2002,18152800.08,51695483.98
414,KWT,Kuwait,Northern Africa and Western Asia,2002,14673544.33,79786860.4
417,KGZ,Kyrgyzstan,Central and Southern Asia,2002,391156.1494,1195792.161
418,LAO,Lao PDR,Eastern and South-Eastern Asia (excl. China),2002,41511.554,264729.71
422,LBN,Lebanon,Northern Africa and Western Asia,2002,564882.4653,2442571.92
426,LSO,Lesotho,Sub-Saharan Africa,2002,2262.933,7340.365
428,LVA,Latvia,Europe,2002,1688427.595,12975032.26
430,LBR,Liberia,Sub-Saharan Africa,2002,195108.222,624235.973
434,LBY,Libya,Northern Africa and Western Asia,2002,10536778.82,56373083.24
440,LTU,Lithuania,Europe,2002,2456448.252,13007670.53
442,LUX,Luxembourg,Europe,2002,2707241.489,7791007.037
446,MAC,"China, Macao SAR",China,2002,156752.7069,312823.6737
450,MDG,Madagascar,Sub-Saharan Africa,2002,509371.1003,385737.1595
454,MWI,Malawi,Sub-Saharan Africa,2002,439923.7628,361784.3515
458,MYS,Malaysia,Eastern and South-Eastern Asia (excl. China),2002,19308027.62,130812628
462,MDV,Maldives,Central and Southern Asia,2002,63038.81317,97281.28153
466,MLI,Mali,Sub-Saharan Africa,2002,834812.2446,289641.2435
470,MLT,Malta,Europe,2002,291001.8092,1413085.894
473,,"Latin American Integration Association, nes",,2002,400.789,476.525
478,MRT,Mauritania,Sub-Saharan Africa,2002,604482.8085,11869585.6
480,MUS,Mauritius,Sub-Saharan Africa,2002,486086.8621,1004564.291
484,MEX,Mexico,Latin America and the Caribbean,2002,24391827.92,125390696.3
490,,"Other Asia, nes",,2002,12856953.02,28592699.54
496,MNG,Mongolia,Eastern and South-Eastern Asia (excl. China),2002,296050.3717,856115.927
498,MDA,Moldova,Europe,2002,340681.2597,1852135.455
500,MSR,Montserrat,Latin America and the Caribbean,2002,493.142,546.248
504,MAR,Morocco,Northern Africa and Western Asia,2002,3295976.784,22023678.67
508,MOZ,Mozambique,Sub-Saharan Africa,2002,1397206.503,1719245.403
512,OMN,Oman,Northern Africa and Western Asia,2002,9765748.351,51347714.77
516,NAM,Namibia,Sub-Saharan Africa,2002,1086138.616,1408697.234
520,NRU,Nauru,Oceania (excl. Australia and New Zealand),2002,10545.651,121499.777
524,NPL,Nepal,Central and Southern Asia,2002,91451.872,163139.077
527,,"Oceania, nes",,2002,5827.674,27087.047
528,NLD,Netherlands,Europe,2002,54424642.25,178755545.7
530,ANT,Netherlands Antilles,,2002,931445.91,4299334.671
533,ABW,Aruba,Latin America and the Caribbean,2002,975697.6,3651695.717
540,NCL,New Caledonia,Oceania (excl. Australia and New Zealand),2002,472525.9104,4475757.907
548,VUT,Vanuatu,Oceania (excl. Australia and New Zealand),2002,29390.162,93782.284
554,NZL,New Zealand,Australia and New Zealand,2002,10418642.63,22649696.49
558,NIC,Nicaragua,Latin America and the Caribbean,2002,526547.3073,736057.0273
562,NER,Niger,Sub-Saharan Africa,2002,186672.7662,270068.3627
566,NGA,Nigeria,Sub-Saharan Africa,2002,19346812.57,81888307.9
568,,"Other Europe, nes",,2002,199338.86,362337.534
570,NIU,Niue,Oceania (excl. Australia and New Zealand),2002,240.623,428.151
574,NFK,Norfolk Islands,Australia and New Zealand,2002,2969.305,15235.55
577,,"Other Africa, nes",,2002,3053.564,3004.385
579,NOR,Norway,Europe,2002,44689098.41,228170692.2
580,MNP,Northern Mariana Islands,Oceania (excl. Australia and New Zealand),2002,747.741,3813.001
581,UMI,United States Minor Outlying Islands,,2002,1719.069,22542.787
583,FSM,Micronesia,Oceania (excl. Australia and New Zealand),2002,66553.276,65114.312
584,MHL,Marshall Islands,Oceania (excl. Australia and New Zealand),2002,81136.904,93720.864
585,PLW,Palau,Oceania (excl. Australia and New Zealand),2002,9523.779,1601.485
586,PAK,Pakistan,Central and Southern Asia,2002,2447138.049,4896096.579
591,PAN,Panama,Latin America and the Caribbean,2002,1031252.999,1575913.561
598,PNG,Papua New Guinea,Oceania (excl. Australia and New Zealand),2002,2015216.9,4471161.89
600,PRY,Paraguay,Latin America and the Caribbean,2002,1128892.351,5203295.62
604,PER,Peru,Latin America and the Caribbean,2002,6667624.095,15546442.98
608,PHL,Philippines,Eastern and South-Eastern Asia (excl. China),2002,3394348.562,16813144.98
612,PCN,Pitcairn,Oceania (excl. Australia and New Zealand),2002,1552.319,26456.65
616,POL,Poland,Europe,2002,8329235.119,52453198.81
620,PRT,Portugal,Europe,2002,3637343.41,10681805.3
624,GNB,Guinea-Bissau,Sub-Saharan Africa,2002,80930.545,205175.484
626,TLS,Timor-Leste,Eastern and South-Eastern Asia (excl. China),2002,5860.413,30596.767
634,QAT,Qatar,Northern Africa and Western Asia,2002,8100853.59,57006992.07
637,,"North America and Central America, nes",,2002,1393.121,8609.78
642,ROU,Romania,Europe,2002,3979058.966,17310659.85
643,RUS,Russian Federation,Europe,2002,103317875.7,671845132.9
646,RWA,Rwanda,Sub-Saharan Africa,2002,116937.6299,287755.756
654,SHN,Saint Helena,Sub-Saharan Africa,2002,9070.725,3129.458
659,KNA,Saint Kitts and Nevis,Latin America and the Caribbean,2002,15044.22533,34531.63912
660,AIA,Anguilla,Latin America and the Caribbean,2002,632.436,5373.629
662,LCA,Saint Lucia,Latin America and the Caribbean,2002,34468.19463,72178.28637
666,SPM,Saint Pierre and Miquelon,Northern America,2002,4869.29,2184.54
670,VCT,Saint Vincent and the Grenadines,Latin America and the Caribbean,2002,52640.84012,105196.5558
674,SMR,San Marino,Europe,2002,1203.138,268.212
678,STP,Sao Tome and Principe,Sub-Saharan Africa,2002,8463.914533,6206.837077
682,SAU,Saudi Arabia,Northern Africa and Western Asia,2002,105071203.7,546268413.6
686,SEN,Senegal,Sub-Saharan Africa,2002,643151.8851,2436133.627
690,SYC,Seychelles,Sub-Saharan Africa,2002,166839.0089,248822.4069
694,SLE,Sierra Leone,Sub-Saharan Africa,2002,15551.153,19013.605
699,IND,India,Central and Southern Asia,2002,23323073.5,104296957.8
702,SGP,Singapore,Eastern and South-Eastern Asia (excl. China),2002,15316620.35,84230469.8
703,SVK,Slovakia,Europe,2002,3743941.149,18199520.41
704,VNM,Vietnam,Eastern and South-Eastern Asia (excl. China),2002,8127427.989,29362178.3
705,SVN,Slovenia,Europe,2002,1124219.411,3734457.301
706,SOM,Somalia,Sub-Saharan Africa,2002,63597.905,138459.262
710,ZAF,South Africa,Sub-Saharan Africa,2002,22649543.73,151685038.6
716,ZWE,Zimbabwe,Sub-Saharan Africa,2002,1602620.268,3027948.76
724,ESP,Spain,Europe,2002,26587675.73,59184495.51
732,ESH,Western Sahara,Northern Africa and Western Asia,2002,7111.968,1412.36
736,SDN,Former Sudan,,2002,2545970.58,13281648.3
740,SUR,Suriname,Latin America and the Caribbean,2002,150305.622,226970.312
748,SWZ,Eswatini,Sub-Saharan Africa,2002,289583.8817,1112387.105
752,SWE,Sweden,Europe,2002,14124639.17,53034318.35
757,CHE,Switzerland,Europe,2002,14120508.74,13336309.57
760,SYR,Syria,Northern Africa and Western Asia,2002,12321514.38,33049887.3
762,TJK,Tajikistan,Central and Southern Asia,2002,406775.813,501357.986
764,THA,Thailand,Eastern and South-Eastern Asia (excl. China),2002,14255235.69,58039401.67
768,TGO,Togo,Sub-Saharan Africa,2002,330884.8259,2854539.104
772,TKL,Tokelau,Oceania (excl. Australia and New Zealand),2002,8964.796,35014.603
776,TON,Tonga,Oceania (excl. Australia and New Zealand),2002,22851.765,24326.901
780,TTO,Trinidad and Tobago,Latin America and the Caribbean,2002,3062787.482,15963997.15
784,ARE,United Arab Emirates,Northern Africa and Western Asia,2002,24627571.71,122740873.8
788,TUN,Tunisia,Northern Africa and Western Asia,2002,1576555.148,9423702.643
792,TUR,Turkey,Northern Africa and Western Asia,2002,8069574.539,36971150.63
795,TKM,Turkmenistan,Central and Southern Asia,2002,2480626.356,22519513.53
796,TCA,Turks and Caicos Islands,Latin America and the Caribbean,2002,10184.915,7134.439
798,TUV,Tuvalu,Oceania (excl. Australia and New Zealand),2002,45824.688,177151.193
800,UGA,Uganda,Sub-Saharan Africa,2002,485806.8329,527737.7645
804,UKR,Ukraine,Europe,2002,12797791.02,104061904.6
807,MKD,North Macedonia,Europe,2002,426223.9385,1241429.107
818,EGY,Egypt,Northern Africa and Western Asia,2002,4067867.396,17904623.39
826,GBR,United Kingdom,Europe,2002,48281702.24,166056753.4
834,TZA,Tanzania,Sub-Saharan Africa,2002,865451.698,908073.1887
837,,Bunkers,,2002,1626.803,7972.97
838,,Free Zones,,2002,1070181.17,5601968.399
839,,Special Categories,,2002,12277898.23,75880085.07
842,USA,United States,Northern America,2002,98449073.81,304150061.8
854,BFA,Burkina Faso,Sub-Saharan Africa,2002,229667.5234,413495.0794
858,URY,Uruguay,Latin America and the Caribbean,2002,1538165.598,3163107.987
860,UZB,Uzbekistan,Central and Southern Asia,2002,1662193.855,3314853.376
862,VEN,Venezuela,Latin America and the Caribbean,2002,20455946.31,131938022.4
876,WLF,Wallis and Futuna Islands,Oceania (excl. Australia and New Zealand),2002,280.51,150.768
882,WSM,Samoa,Oceania (excl. Australia and New Zealand),2002,19573.94998,28006.8721
887,YEM,Yemen,Northern Africa and Western Asia,2002,2701145.986,13631153.48
891,SCG,Serbia and Montenegro,,2002,1134549.622,3903930.1
894,ZMB,Zambia,Sub-Saharan Africa,2002,1123163.914,878476.8128
899,,"Areas, nes",,2002,21524134.35,116745035.9
4,AFG,Afghanistan,Central and Southern Asia,2003,149222.411,420015.568
8,ALB,Albania,Europe,2003,105976.7011,413571.7489
10,ATA,Antarctica,,2003,76.218,50.719
12,DZA,Algeria,Northern Africa and Western Asia,2003,26117558.98,115280452.7
16,ASM,American Samoa,Oceania (excl. Australia and New Zealand),2003,23304.867,53824.518
20,AND,Andorra,Europe,2003,14943.76105,1364989.822
24,AGO,Angola,Sub-Saharan Africa,2003,8999947.715,40013055.97
28,ATG,Antigua and Barbuda,Latin America and the Caribbean,2003,29803.229,102526.387
31,AZE,Azerbaijan,Northern Africa and Western Asia,2003,2612711.926,11904300.42
32,ARG,Argentina,Latin America and the Caribbean,2003,23917855.82,89429645.15
36,AUS,Australia,Australia and New Zealand,2003,53862743.36,575781747.6
40,AUT,Austria,Europe,2003,12206832.19,26134619.56
44,BHS,Bahamas,Latin America and the Caribbean,2003,776145.374,3721332.155
48,BHR,Bahrain,Northern Africa and Western Asia,2003,7526469.246,23901647.3
50,BGD,Bangladesh,Central and Southern Asia,2003,940090.1813,1692622.593
51,ARM,Armenia,Northern Africa and Western Asia,2003,396333.8747,289447.5906
52,BRB,Barbados,Latin America and the Caribbean,2003,240788.5195,700749.2624
56,BEL,Belgium,Europe,2003,55600942.52,133910547.8
60,BMU,Bermuda,Northern America,2003,10828.064,25507.039
64,BTN,Bhutan,Central and Southern Asia,2003,24098.193,70226.176
68,BOL,Bolivia,Latin America and the Caribbean,2003,1461849.227,8922131.805
70,BIH,Bosnia Herzegovina,Europe,2003,601484.1034,2202088.06
72,BWA,Botswana,Sub-Saharan Africa,2003,2852323.603,358320.2912
74,BVT,Bouvet Island,,2003,5602.344,698
76,BRA,Brazil,Latin America and the Caribbean,2003,45257544.51,302770687.2
84,BLZ,Belize,Latin America and the Caribbean,2003,237566.0244,771997.8166
86,IOT,British Indian Ocean Territory,,2003,123.753,93.889
90,SLB,Solomon Islands,Oceania (excl. Australia and New Zealand),2003,73900.53,333725.728
92,VGB,British Virgin Islands,Latin America and the Caribbean,2003,67849.181,261875.379
96,BRN,Brunei Darussalam,Eastern and South-Eastern Asia (excl. China),2003,3801997.919,16869155.76
100,BGR,Bulgaria,Europe,2003,2860349.016,10076335.1
104,MMR,Myanmar,Eastern and South-Eastern Asia (excl. China),2003,1505666.672,8942185.569
108,BDI,Burundi,Sub-Saharan Africa,2003,36810.0535,29283.514
112,BLR,Belarus,Europe,2003,3995988.782,21089854.39
116,KHM,Cambodia,Eastern and South-Eastern Asia (excl. China),2003,147091.2576,232108.9776
120,CMR,Cameroon,Sub-Saharan Africa,2003,2483570.828,7236454.247
124,CAN,Canada,Northern America,2003,95075083.27,370757244
132,CPV,Cabo Verde,Sub-Saharan Africa,2003,2800.28912,12677.75683
136,CYM,Cayman Islands,Latin America and the Caribbean,2003,21790.678,258089.891
140,CAF,Central African Republic,Sub-Saharan Africa,2003,65652.702,103237.672
144,LKA,Sri Lanka,Central and Southern Asia,2003,1565316.538,1071782.856
148,TCD,Chad,Sub-Saharan Africa,2003,93724.263,140329.6
152,CHL,Chile,Latin America and the Caribbean,2003,18661457.8,23454979.74
156,CHN,China,China,2003,49420428.61,661491090.7
162,CXR,Christmas Islands,,2003,18763.026,126800.919
166,CCK,Cocos Islands,,2003,134.856,872.201
170,COL,Colombia,Latin America and the Caribbean,2003,9855904.82,80186693.04
174,COM,Comoros,Sub-Saharan Africa,2003,32454.366,2408.965
175,MYT,Mayotte,Sub-Saharan Africa,2003,2471.558524,1143.825332
178,COG,"Congo, Republic",Sub-Saharan Africa,2003,2544229.377,10696754.75
180,COD,"Congo, Democratic Republic",Sub-Saharan Africa,2003,343123.299,879015.084
184,COK,Cook Islands,Oceania (excl. Australia and New Zealand),2003,6173.564,1807.267
188,CRI,Costa Rica,Latin America and the Caribbean,2003,2510608.587,4499301.817
191,HRV,Croatia,Europe,2003,1675490.09,9679845.583
192,CUB,Cuba,Latin America and the Caribbean,2003,1581088.258,3483123.812
196,CYP,Cyprus,Northern Africa and Western Asia,2003,424901.5643,2063533.424
203,CZE,Czech Republic,Europe,2003,5935856.258,30911655.76
204,BEN,Benin,Sub-Saharan Africa,2003,423757.1342,1042290.803
208,DNK,Denmark,Europe,2003,16553145.47,31484055.48
212,DMA,Dominica,Latin America and the Caribbean,2003,21975.88286,377357.3626
214,DOM,Dominican Republic,Latin America and the Caribbean,2003,1084046.619,2476545.61
218,ECU,Ecuador,Latin America and the Caribbean,2003,6019299.958,21616579.3
222,SLV,El Salvador,Latin America and the Caribbean,2003,475361.0525,1147662.058
226,GNQ,Equatorial Guinea,Sub-Saharan Africa,2003,2173379.982,9711969.684
231,ETH,Ethiopia,Sub-Saharan Africa,2003,483289.5823,504483.263
232,ERI,Eritrea,Sub-Saharan Africa,2003,7181.259956,11649.32598
233,EST,Estonia,Europe,2003,1935720.577,10940392.61
234,FRO,Faeroe Islands,Europe,2003,584930.2542,430223.5663
238,FLK,Falkland Islands (Malvinas),Latin America and the Caribbean,2003,144698.214,69324.906
239,SGS,South Georgia and the South Sandwich Islands,,2003,85.136,106.992
242,FJI,Fiji,Oceania (excl. Australia and New Zealand),2003,328906.1211,767703.0124
246,FIN,Finland,Europe,2003,11549419.82,22537962.46
251,FRA,France,Europe,2003,53478965.85,135042150.9
258,PYF,French Polynesia,Oceania (excl. Australia and New Zealand),2003,147553.3526,18692.97923
260,ATF,French Southern Territories,,2003,698.626,1087.799
262,DJI,Djibouti,Sub-Saharan Africa,2003,51778.336,440309.852
266,GAB,Gabon,Sub-Saharan Africa,2003,3260732.738,15398451.94
268,GEO,Georgia,Northern Africa and Western Asia,2003,732180.8556,3070538.387
270,GMB,Gambia,Sub-Saharan Africa,2003,16447.75838,32123.2452
275,PSE,State of Palestine,Northern Africa and Western Asia,2003,19134.888,43250.522
276,DEU,Germany,Europe,2003,73368692.31,199855420.8
288,GHA,Ghana,Sub-Saharan Africa,2003,1891981.914,3684060.187
292,GIB,Gibraltar,Europe,2003,19570.211,48007.164
296,KIR,Kiribati,Oceania (excl. Australia and New Zealand),2003,25014.874,34767.164
300,GRC,Greece,Europe,2003,5659841.407,15125147.87
304,GRL,Greenland,Northern America,2003,354791.0015,168284.6412
308,GRD,Grenada,Latin America and the Caribbean,2003,31229.08474,14697.59505
316,GUM,Guam,Oceania (excl. Australia and New Zealand),2003,59412.937,147739.601
320,GTM,Guatemala,Latin America and the Caribbean,2003,1889361.817,5155715.084
324,GIN,Guinea,Sub-Saharan Africa,2003,706534.422,12232065.93
328,GUY,Guyana,Latin America and the Caribbean,2003,489855.1377,1736134.851
332,HTI,Haiti,Latin America and the Caribbean,2003,27848.598,20977.469
334,HMD,Heard Island and McDonald Islands,,2003,24.991,26.4
336,VAT,Holy See,Europe,2003,5863.026,36644.469
340,HND,Honduras,Latin America and the Caribbean,2003,947757.7261,1680875.168
344,HKG,"China, Hong Kong SAR",China,2003,14804811.63,9856350.389
348,HUN,Hungary,Europe,2003,4625781.949,13014882.46
352,ISL,Iceland,Europe,2003,2176682.781,1666613.801
360,IDN,Indonesia,Eastern and South-Eastern Asia (excl. China),2003,37684612.11,226760199.5
364,IRN,Iran,Central and Southern Asia,2003,38792669.85,179195851
368,IRQ,Iraq,Northern Africa and Western Asia,2003,8397152.791,38526705.98
372,IRL,Ireland,Europe,2003,6020806.578,8435751.308
376,ISR,Israel,Northern Africa and Western Asia,2003,13123675.56,38167551.17
381,ITA,Italy,Europe,2003,34385056.38,59425624.45
384,CIV,Cote d'Ivoire,Sub-Saharan Africa,2003,4754617.343,5841486.428
388,JAM,Jamaica,Latin America and the Caribbean,2003,333202.1106,1493874.742
392,JPN,Japan,Eastern and South-Eastern Asia (excl. China),2003,29187371.4,74533089.96
398,KAZ,Kazakhstan,Central and Southern Asia,2003,10672670.1,77426548.68
400,JOR,Jordan,Northern Africa and Western Asia,2003,1320412.584,9210065.469
404,KEN,Kenya,Sub-Saharan Africa,2003,2007809.694,3333352.118
408,PRK,"Korea, Democratic People’s Republic",Eastern and South-Eastern Asia (excl. China),2003,471703.661,2306513.671
410,KOR,"Korea, Republic",Eastern and South-Eastern Asia (excl. China),2003,22767346.71,55442918.02
414,KWT,Kuwait,Northern Africa and Western Asia,2003,18750550.69,85097822.83
417,KGZ,Kyrgyzstan,Central and Southern Asia,2003,224943.3961,1114360.309
418,LAO,Lao PDR,Eastern and South-Eastern Asia (excl. China),2003,53764.841,380650.502
422,LBN,Lebanon,Northern Africa and Western Asia,2003,984431.0122,3364147.139
426,LSO,Lesotho,Sub-Saharan Africa,2003,1506.129,2195.577
428,LVA,Latvia,Europe,2003,2239884.13,13616858.12
430,LBR,Liberia,Sub-Saharan Africa,2003,192581.596,475785.182
434,LBY,Libya,Northern Africa and Western Asia,2003,14392727.39,63595285.01
440,LTU,Lithuania,Europe,2003,3607846.929,15859206.66
442,LUX,Luxembourg,Europe,2003,3104420.333,7411705.611
446,MAC,"China, Macao SAR",China,2003,178181.2696,358069.4335
450,MDG,Madagascar,Sub-Saharan Africa,2003,634392.25,459143.4242
454,MWI,Malawi,Sub-Saharan Africa,2003,497050.9403,646699.4256
458,MYS,Malaysia,Eastern and South-Eastern Asia (excl. China),2003,25545254.56,67696881.92
462,MDV,Maldives,Central and Southern Asia,2003,75446.73392,101805.7572
466,MLI,Mali,Sub-Saharan Africa,2003,934022.8836,278418.3012
470,MLT,Malta,Europe,2003,320500.6281,2099642.784
473,,"Latin American Integration Association, nes",,2003,161.243,25.024
478,MRT,Mauritania,Sub-Saharan Africa,2003,664930.0646,10598735.29
480,MUS,Mauritius,Sub-Saharan Africa,2003,517198.0298,1071447.553
484,MEX,Mexico,Latin America and the Caribbean,2003,29609810.46,132637901.6
490,,"Other Asia, nes",,2003,15753968.95,33968925.4
496,MNG,Mongolia,Eastern and South-Eastern Asia (excl. China),2003,369189.9519,1490568.342
498,MDA,Moldova,Europe,2003,414671.7853,1557721.483
500,MSR,Montserrat,Latin America and the Caribbean,2003,5732.224,9442.737
504,MAR,Morocco,Northern Africa and Western Asia,2003,3471612.991,21141390.87
508,MOZ,Mozambique,Sub-Saharan Africa,2003,1598093.976,1672272.171
512,OMN,Oman,Northern Africa and Western Asia,2003,11046779.1,47514004.14
516,NAM,Namibia,Sub-Saharan Africa,2003,989278.5192,1703390.631
520,NRU,Nauru,Oceania (excl. Australia and New Zealand),2003,17199.974,124952.986
524,NPL,Nepal,Central and Southern Asia,2003,134151.4922,375972.0271
527,,"Oceania, nes",,2003,4566.107,12597.836
528,NLD,Netherlands,Europe,2003,61073954.88,154246723
530,ANT,Netherlands Antilles,,2003,1183614.163,4221901.459
533,ABW,Aruba,Latin America and the Caribbean,2003,1198950.54,3540617.35
540,NCL,New Caledonia,Oceania (excl. Australia and New Zealand),2003,735207.8052,5985016.992
548,VUT,Vanuatu,Oceania (excl. Australia and New Zealand),2003,49861.098,65724.572
554,NZL,New Zealand,Australia and New Zealand,2003,11977399.76,21518206.33
558,NIC,Nicaragua,Latin America and the Caribbean,2003,564321.6502,740882.8277
562,NER,Niger,Sub-Saharan Africa,2003,206279.546,163002.5562
566,NGA,Nigeria,Sub-Saharan Africa,2003,26964770.79,97164151.29
568,,"Other Europe, nes",,2003,945601.315,1335281.21
570,NIU,Niue,Oceania (excl. Australia and New Zealand),2003,171.257,195.258
574,NFK,Norfolk Islands,Australia and New Zealand,2003,509.235,280.788
577,,"Other Africa, nes",,2003,15632.77,10996.689
579,NOR,Norway,Europe,2003,52651185.67,228536439
580,MNP,Northern Mariana Islands,Oceania (excl. Australia and New Zealand),2003,1556.816,2767.599
581,UMI,United States Minor Outlying Islands,,2003,6043.017,22527.606
583,FSM,Micronesia,Oceania (excl. Australia and New Zealand),2003,85180.06,91116.619
584,MHL,Marshall Islands,Oceania (excl. Australia and New Zealand),2003,63332.691,207161.93
585,PLW,Palau,Oceania (excl. Australia and New Zealand),2003,13649.624,2200.63
586,PAK,Pakistan,Central and Southern Asia,2003,3373670.001,8529394.418
591,PAN,Panama,Latin America and the Caribbean,2003,1134413.387,1952192.747
598,PNG,Papua New Guinea,Oceania (excl. Australia and New Zealand),2003,3038310.342,6360634.856
600,PRY,Paraguay,Latin America and the Caribbean,2003,1589863.099,7140331.093
604,PER,Peru,Latin America and the Caribbean,2003,7742313.847,16799391.12
608,PHL,Philippines,Eastern and South-Eastern Asia (excl. China),2003,4329278.97,18405018.55
612,PCN,Pitcairn,Oceania (excl. Australia and New Zealand),2003,1726.319,2394.491
616,POL,Poland,Europe,2003,10428236.96,53123161.71
620,PRT,Portugal,Europe,2003,4569264.29,12397476.24
624,GNB,Guinea-Bissau,Sub-Saharan Africa,2003,83607.77339,132748.6124
626,TLS,Timor-Leste,Eastern and South-Eastern Asia (excl. China),2003,6707.627,5724.559
634,QAT,Qatar,Northern Africa and Western Asia,2003,13388935.46,72549624.54
637,,"North America and Central America, nes",,2003,12515.804,68703.91
642,ROU,Romania,Europe,2003,4887566.98,17875913.16
643,RUS,Russian Federation,Europe,2003,125421011,712717350.9
646,RWA,Rwanda,Sub-Saharan Africa,2003,140893.431,324983.9158
654,SHN,Saint Helena,Sub-Saharan Africa,2003,8255.747,1581.095
659,KNA,Saint Kitts and Nevis,Latin America and the Caribbean,2003,10371.55619,17807.56435
660,AIA,Anguilla,Latin America and the Caribbean,2003,3242.72,15186.083
662,LCA,Saint Lucia,Latin America and the Caribbean,2003,28892.68022,73480.62142
666,SPM,Saint Pierre and Miquelon,Northern America,2003,3810.38,1111.014
670,VCT,Saint Vincent and the Grenadines,Latin America and the Caribbean,2003,30226.13782,104411.9579
674,SMR,San Marino,Europe,2003,9920.419,26996.868
678,STP,Sao Tome and Principe,Sub-Saharan Africa,2003,11462.14663,9758.604715
682,SAU,Saudi Arabia,Northern Africa and Western Asia,2003,138352621.2,639521036.1
686,SEN,Senegal,Sub-Saharan Africa,2003,839198.7489,2452488.165
690,SYC,Seychelles,Sub-Saharan Africa,2003,153198.108,177835.742
694,SLE,Sierra Leone,Sub-Saharan Africa,2003,26797.944,38543.848
699,IND,India,Central and Southern Asia,2003,27734658.39,112990978.7
702,SGP,Singapore,Eastern and South-Eastern Asia (excl. China),2003,18410361.43,59087727.15
703,SVK,Slovakia,Europe,2003,4413005.792,16678907.48
704,VNM,Vietnam,Eastern and South-Eastern Asia (excl. China),2003,9356406.782,31129604.13
705,SVN,Slovenia,Europe,2003,1376407.549,4204214.8
706,SOM,Somalia,Sub-Saharan Africa,2003,90909.607,386284.483
710,ZAF,South Africa,Sub-Saharan Africa,2003,25849415.27,163674449.6
716,ZWE,Zimbabwe,Sub-Saharan Africa,2003,1480611.49,2839958.747
724,ESP,Spain,Europe,2003,33376182.7,63818134.11
732,ESH,Western Sahara,Northern Africa and Western Asia,2003,1537.146,706.837
736,SDN,Former Sudan,,2003,4622920.183,17354888.08
740,SUR,Suriname,Latin America and the Caribbean,2003,165556.382,110097.552
748,SWZ,Eswatini,Sub-Saharan Africa,2003,487207.7204,1799339.979
752,SWE,Sweden,Europe,2003,17162889.98,54923609.1
757,CHE,Switzerland,Europe,2003,14854328.2,13659022.18
760,SYR,Syria,Northern Africa and Western Asia,2003,10619038.22,27933356.45
762,TJK,Tajikistan,Central and Southern Asia,2003,507273.941,494568.607
764,THA,Thailand,Eastern and South-Eastern Asia (excl. China),2003,17536509.45,64357608.56
768,TGO,Togo,Sub-Saharan Africa,2003,586159.1133,5311087.642
772,TKL,Tokelau,Oceania (excl. Australia and New Zealand),2003,14384.127,16070.845
776,TON,Tonga,Oceania (excl. Australia and New Zealand),2003,23671.4,41710.299
780,TTO,Trinidad and Tobago,Latin America and the Caribbean,2003,4770331.666,20305461.69
784,ARE,United Arab Emirates,Northern Africa and Western Asia,2003,33864909.16,138863965.3
788,TUN,Tunisia,Northern Africa and Western Asia,2003,2026650.095,10359075.13
792,TUR,Turkey,Northern Africa and Western Asia,2003,10275135.4,40237854.08
795,TKM,Turkmenistan,Central and Southern Asia,2003,2457612.987,22875053.73
796,TCA,Turks and Caicos Islands,Latin America and the Caribbean,2003,10237.034,11926.384
798,TUV,Tuvalu,Oceania (excl. Australia and New Zealand),2003,279.27,653.958
800,UGA,Uganda,Sub-Saharan Africa,2003,567499.1679,603200.3246
804,UKR,Ukraine,Europe,2003,16696076.84,108806151.5
807,MKD,North Macedonia,Europe,2003,610462.4997,1663189.963
818,EGY,Egypt,Northern Africa and Western Asia,2003,5231583.277,22994938.83
826,GBR,United Kingdom,Europe,2003,56851622.33,164389417.7
834,TZA,Tanzania,Sub-Saharan Africa,2003,1323079.819,1069995.87
837,,Bunkers,,2003,28128.841,134110.088
838,,Free Zones,,2003,752204.459,3319100.613
839,,Special Categories,,2003,19167604.29,97102689.45
842,USA,United States,Northern America,2003,111240007.1,334983626
849,,,,2003,9.822,8.144
854,BFA,Burkina Faso,Sub-Saharan Africa,2003,451923.9986,533013.0427
858,URY,Uruguay,Latin America and the Caribbean,2003,1925028.73,4308115.263
860,UZB,Uzbekistan,Central and Southern Asia,2003,1955388.924,4793174.768
862,VEN,Venezuela,Latin America and the Caribbean,2003,19365690.55,118435180.8
876,WLF,Wallis and Futuna Islands,Oceania (excl. Australia and New Zealand),2003,749.156,1993.288
882,WSM,Samoa,Oceania (excl. Australia and New Zealand),2003,17461.82533,20654.7039
887,YEM,Yemen,Northern Africa and Western Asia,2003,3745953.011,15731978.67
891,SCG,Serbia and Montenegro,,2003,1102458.703,2893557.19
894,ZMB,Zambia,Sub-Saharan Africa,2003,1200510.354,1019370.702
899,,"Areas, nes",,2003,27179714.71,113971449.8
4,AFG,Afghanistan,Central and Southern Asia,2004,146483.689,400152.349
8,ALB,Albania,Europe,2004,160562.4713,571878.8806
10,ATA,Antarctica,,2004,2,20
12,DZA,Algeria,Northern Africa and Western Asia,2004,33446202.47,119456685.5
16,ASM,American Samoa,Oceania (excl. Australia and New Zealand),2004,10035.139,19854.785
20,AND,Andorra,Europe,2004,26885.3611,1225251.115
24,AGO,Angola,Sub-Saharan Africa,2004,12585105.86,40392894.64
28,ATG,Antigua and Barbuda,Latin America and the Caribbean,2004,13415.662,24613.136
31,AZE,Azerbaijan,Northern Africa and Western Asia,2004,3308748.52,11863476.14
32,ARG,Argentina,Latin America and the Caribbean,2004,27884219.05,88810123.39
36,AUS,Australia,Australia and New Zealand,2004,69968562.07,621334766.7
40,AUT,Austria,Europe,2004,15591308.57,28632969.27
44,BHS,Bahamas,Latin America and the Caribbean,2004,670661.0042,3253163.098
48,BHR,Bahrain,Northern Africa and Western Asia,2004,9014887.77,23517186.87
50,BGD,Bangladesh,Central and Southern Asia,2004,1194964.363,1380884.492
51,ARM,Armenia,Northern Africa and Western Asia,2004,465540.8088,463023.5004
52,BRB,Barbados,Latin America and the Caribbean,2004,358140.7555,866384.7872
56,BEL,Belgium,Europe,2004,70836962.69,144337712
60,BMU,Bermuda,Northern America,2004,25607.602,48011.583
64,BTN,Bhutan,Central and Southern Asia,2004,30612.99,61381.844
68,BOL,Bolivia,Latin America and the Caribbean,2004,2025292.685,12625378.21
70,BIH,Bosnia Herzegovina,Europe,2004,744111.2874,4112461.93
72,BWA,Botswana,Sub-Saharan Africa,2004,3101197.67,528914.2661
74,BVT,Bouvet Island,,2004,88.261,140.43
76,BRA,Brazil,Latin America and the Caribbean,2004,58635677.41,346490591.1
84,BLZ,Belize,Latin America and the Caribbean,2004,254272.8709,458791.8768
86,IOT,British Indian Ocean Territory,,2004,288.663,254.464
90,SLB,Solomon Islands,Oceania (excl. Australia and New Zealand),2004,108489.171,393691.137
92,VGB,British Virgin Islands,Latin America and the Caribbean,2004,107156.376,322459.98
96,BRN,Brunei Darussalam,Eastern and South-Eastern Asia (excl. China),2004,4701677.529,13374372.56
100,BGR,Bulgaria,Europe,2004,4218071.21,11562657.41
104,MMR,Myanmar,Eastern and South-Eastern Asia (excl. China),2004,2146145.738,10492035.8
108,BDI,Burundi,Sub-Saharan Africa,2004,74491.97127,22643.22556
112,BLR,Belarus,Europe,2004,6353739.211,30458559.17
116,KHM,Cambodia,Eastern and South-Eastern Asia (excl. China),2004,216099.1625,344922.6919
120,CMR,Cameroon,Sub-Saharan Africa,2004,3215325.423,9272260.192
124,CAN,Canada,Northern America,2004,119840833.7,395361016.8
132,CPV,Cabo Verde,Sub-Saharan Africa,2004,3663.821831,10332.84684
136,CYM,Cayman Islands,Latin America and the Caribbean,2004,38543.92,110434.672
140,CAF,Central African Republic,Sub-Saharan Africa,2004,60539.95,81877.212
144,LKA,Sri Lanka,Central and Southern Asia,2004,1727981.21,1478478.374
148,TCD,Chad,Sub-Saharan Africa,2004,1342920.596,5154587.921
152,CHL,Chile,Latin America and the Caribbean,2004,28792263.69,29082399.72
156,CHN,China,China,2004,69442710.89,826930114.8
162,CXR,Christmas Islands,,2004,14211.929,238720.307
166,CCK,Cocos Islands,,2004,237.94,1036.113
170,COL,Colombia,Latin America and the Caribbean,2004,12469686.42,84955643.76
174,COM,Comoros,Sub-Saharan Africa,2004,31429.152,3878.498
175,MYT,Mayotte,Sub-Saharan Africa,2004,1052.904108,762.4951991
178,COG,"Congo, Republic",Sub-Saharan Africa,2004,4007070.418,10094298.65
180,COD,"Congo, Democratic Republic",Sub-Saharan Africa,2004,614594.878,805120.53
184,COK,Cook Islands,Oceania (excl. Australia and New Zealand),2004,12110.86,3886.641
188,CRI,Costa Rica,Latin America and the Caribbean,2004,2812070.569,4613568.308
191,HRV,Croatia,Europe,2004,2107625.588,12499126.19
192,CUB,Cuba,Latin America and the Caribbean,2004,2024362.072,3286418.402
196,CYP,Cyprus,Northern Africa and Western Asia,2004,740953.8456,2064106.675
203,CZE,Czech Republic,Europe,2004,7777568.919,30069844.94
204,BEN,Benin,Sub-Saharan Africa,2004,459417.1867,861736.2923
208,DNK,Denmark,Europe,2004,19979201.37,34444902.91
212,DMA,Dominica,Latin America and the Caribbean,2004,29566.50242,362794.8097
214,DOM,Dominican Republic,Latin America and the Caribbean,2004,1414767.872,3308445.197
218,ECU,Ecuador,Latin America and the Caribbean,2004,8441310.226,28287096.12
222,SLV,El Salvador,Latin America and the Caribbean,2004,502532.8193,1141450.099
226,GNQ,Equatorial Guinea,Sub-Saharan Africa,2004,4045028.02,12277727.72
231,ETH,Ethiopia,Sub-Saharan Africa,2004,608601.5744,587925.7292
232,ERI,Eritrea,Sub-Saharan Africa,2004,6403.127,6942.106
233,EST,Estonia,Europe,2004,2485504.877,10112613.61
234,FRO,Faeroe Islands,Europe,2004,595752.3189,386622.6359
238,FLK,Falkland Islands (Malvinas),Latin America and the Caribbean,2004,131955.724,55293.586
239,SGS,South Georgia and the South Sandwich Islands,,2004,3056.565,2905.004
242,FJI,Fiji,Oceania (excl. Australia and New Zealand),2004,373996.1495,939231.5694
246,FIN,Finland,Europe,2004,15105934.82,23018784.89
251,FRA,France,Europe,2004,63845464.58,134631075.3
258,PYF,French Polynesia,Oceania (excl. Australia and New Zealand),2004,208028.728,16958.28874
260,ATF,French Southern Territories,,2004,8485.304,13186.172
262,DJI,Djibouti,Sub-Saharan Africa,2004,16725.768,88719.433
266,GAB,Gabon,Sub-Saharan Africa,2004,3751693.613,13923688.9
268,GEO,Georgia,Northern Africa and Western Asia,2004,880794.9016,3119886.764
270,GMB,Gambia,Sub-Saharan Africa,2004,33113.35896,46159.65428
275,PSE,State of Palestine,Northern Africa and Western Asia,2004,17315.275,40703.157
276,DEU,Germany,Europe,2004,96611328.42,226617458.4
288,GHA,Ghana,Sub-Saharan Africa,2004,1973668.487,3606694.165
292,GIB,Gibraltar,Europe,2004,21081.077,38334.966
296,KIR,Kiribati,Oceania (excl. Australia and New Zealand),2004,10208.009,15875.981
300,GRC,Greece,Europe,2004,6352859.221,14842133.6
304,GRL,Greenland,Northern America,2004,346135.5641,251040.9531
308,GRD,Grenada,Latin America and the Caribbean,2004,24844.06066,14085.7446
316,GUM,Guam,Oceania (excl. Australia and New Zealand),2004,29593.917,57472.061
320,GTM,Guatemala,Latin America and the Caribbean,2004,2064608.47,5505298.346
324,GIN,Guinea,Sub-Saharan Africa,2004,795417.5608,12271116.91
328,GUY,Guyana,Latin America and the Caribbean,2004,526017.0426,1675138.898
332,HTI,Haiti,Latin America and the Caribbean,2004,30387.089,25705.652
334,HMD,Heard Island and McDonald Islands,,2004,26.552,17.754
336,VAT,Holy See,Europe,2004,629.62,679.24
340,HND,Honduras,Latin America and the Caribbean,2004,1158965.943,1842677.874
344,HKG,"China, Hong Kong SAR",China,2004,16180688.55,9653008.733
348,HUN,Hungary,Europe,2004,5840967.367,13648422.65
352,ISL,Iceland,Europe,2004,2529691.702,1695472.737
360,IDN,Indonesia,Eastern and South-Eastern Asia (excl. China),2004,44622955.75,228094370.7
364,IRN,Iran,Central and Southern Asia,2004,53614635.56,206897046
368,IRQ,Iraq,Northern Africa and Western Asia,2004,17869596.6,65212743.46
372,IRL,Ireland,Europe,2004,7197532.357,9479363.806
376,ISR,Israel,Northern Africa and Western Asia,2004,14985054.69,58978245.99
381,ITA,Italy,Europe,2004,42782244.49,64476035.66
384,CIV,Cote d'Ivoire,Sub-Saharan Africa,2004,5514897.371,8231170.595
388,JAM,Jamaica,Latin America and the Caribbean,2004,364077.5246,4091067.804
392,JPN,Japan,Eastern and South-Eastern Asia (excl. China),2004,37542237.11,78693930.05
398,KAZ,Kazakhstan,Central and Southern Asia,2004,20474741.53,121274544.9
400,JOR,Jordan,Northern Africa and Western Asia,2004,1364198.017,9738682.572
404,KEN,Kenya,Sub-Saharan Africa,2004,2275233.11,3405395.234
408,PRK,"Korea, Democratic People’s Republic",Eastern and South-Eastern Asia (excl. China),2004,694452.222,3945863.176
410,KOR,"Korea, Republic",Eastern and South-Eastern Asia (excl. China),2004,31031101.27,56755754.9
414,KWT,Kuwait,Northern Africa and Western Asia,2004,25703401.76,84732589.67
417,KGZ,Kyrgyzstan,Central and Southern Asia,2004,242493.973,2117445.063
418,LAO,Lao PDR,Eastern and South-Eastern Asia (excl. China),2004,91324.533,665960.897
422,LBN,Lebanon,Northern Africa and Western Asia,2004,1018019.146,4173610.228
426,LSO,Lesotho,Sub-Saharan Africa,2004,2997.568,9779.729
428,LVA,Latvia,Europe,2004,3098688.815,14420388.17
430,LBR,Liberia,Sub-Saharan Africa,2004,196239.143,537882.512
434,LBY,Libya,Northern Africa and Western Asia,2004,20286589.93,68741761.66
440,LTU,Lithuania,Europe,2004,4449562.164,15098910.79
442,LUX,Luxembourg,Europe,2004,4536308.323,8867986.773
446,MAC,"China, Macao SAR",China,2004,224085.331,268506.3882
450,MDG,Madagascar,Sub-Saharan Africa,2004,573073.3208,446745.2898
454,MWI,Malawi,Sub-Saharan Africa,2004,472188.7993,575355.3721
458,MYS,Malaysia,Eastern and South-Eastern Asia (excl. China),2004,31591517.86,84048377
462,MDV,Maldives,Central and Southern Asia,2004,122335.0654,211644.4366
466,MLI,Mali,Sub-Saharan Africa,2004,964387.1513,378675.617
470,MLT,Malta,Europe,2004,307357.3327,770483.6482
473,,"Latin American Integration Association, nes",,2004,8492.961,22488.666
478,MRT,Mauritania,Sub-Saharan Africa,2004,855692.0011,12367621.59
480,MUS,Mauritius,Sub-Saharan Africa,2004,545343.9298,881656.0972
484,MEX,Mexico,Latin America and the Caribbean,2004,38234645.75,163071583.4
490,,"Other Asia, nes",,2004,21076569.9,31423316.8
496,MNG,Mongolia,Eastern and South-Eastern Asia (excl. China),2004,606373.6689,3612682.566
498,MDA,Moldova,Europe,2004,636086.861,2028809.26
500,MSR,Montserrat,Latin America and the Caribbean,2004,994.295,935.366
504,MAR,Morocco,Northern Africa and Western Asia,2004,4184287.615,23375195.66
508,MOZ,Mozambique,Sub-Saharan Africa,2004,2588042.571,2463929.221
512,OMN,Oman,Northern Africa and Western Asia,2004,13312108.17,45735366.94
516,NAM,Namibia,Sub-Saharan Africa,2004,1697469.477,2016477.282
520,NRU,Nauru,Oceania (excl. Australia and New Zealand),2004,14971.91,179811.539
524,NPL,Nepal,Central and Southern Asia,2004,132105.977,350043.386
527,,"Oceania, nes",,2004,28374.61,12047.037
528,NLD,Netherlands,Europe,2004,78249329.54,173816926.4
530,ANT,Netherlands Antilles,,2004,1380575.959,3960184.115
533,ABW,Aruba,Latin America and the Caribbean,2004,2466201.375,5847817.378
536,,Neutral Zone,,2004,0.209,0.449
540,NCL,New Caledonia,Oceania (excl. Australia and New Zealand),2004,1030223.702,6173704.842
548,VUT,Vanuatu,Oceania (excl. Australia and New Zealand),2004,157825.572,183660.51
554,NZL,New Zealand,Australia and New Zealand,2004,14344424.48,20135139.91
558,NIC,Nicaragua,Latin America and the Caribbean,2004,703082.9671,819089.6176
562,NER,Niger,Sub-Saharan Africa,2004,394516.4406,571641.1878
566,NGA,Nigeria,Sub-Saharan Africa,2004,34484726.85,112802409.7
568,,"Other Europe, nes",,2004,1590472.165,1888815.032
570,NIU,Niue,Oceania (excl. Australia and New Zealand),2004,405.243,585.714
574,NFK,Norfolk Islands,Australia and New Zealand,2004,580.053,322.392
577,,"Other Africa, nes",,2004,95171.737,266058.235
579,NOR,Norway,Europe,2004,67105179.84,236571840
580,MNP,Northern Mariana Islands,Oceania (excl. Australia and New Zealand),2004,797.53,3379.766
581,UMI,United States Minor Outlying Islands,,2004,6116.39,38854.184
583,FSM,Micronesia,Oceania (excl. Australia and New Zealand),2004,69498.197,70000.424
584,MHL,Marshall Islands,Oceania (excl. Australia and New Zealand),2004,95391.161,363121.95
585,PLW,Palau,Oceania (excl. Australia and New Zealand),2004,21799.586,4176.396
586,PAK,Pakistan,Central and Southern Asia,2004,3629386.973,8104894.959
591,PAN,Panama,Latin America and the Caribbean,2004,1270733.317,2244484.244
598,PNG,Papua New Guinea,Oceania (excl. Australia and New Zealand),2004,3090465.074,16857160.28
600,PRY,Paraguay,Latin America and the Caribbean,2004,2055932.149,7159398.32
604,PER,Peru,Latin America and the Caribbean,2004,11001208.11,18236198.95
608,PHL,Philippines,Eastern and South-Eastern Asia (excl. China),2004,4898909.083,19532715.81
612,PCN,Pitcairn,Oceania (excl. Australia and New Zealand),2004,10241.581,21250.306
616,POL,Poland,Europe,2004,15060523.39,50625263.82
620,PRT,Portugal,Europe,2004,6124153.857,14565434.04
624,GNB,Guinea-Bissau,Sub-Saharan Africa,2004,104967.7127,192839.4512
626,TLS,Timor-Leste,Eastern and South-Eastern Asia (excl. China),2004,55131.01901,115217.5409
634,QAT,Qatar,Northern Africa and Western Asia,2004,17650365.13,72601614.23
637,,"North America and Central America, nes",,2004,1868.258,2346.697
642,ROU,Romania,Europe,2004,7192960.29,19767084.55
643,RUS,Russian Federation,Europe,2004,175804316,814393659.6
646,RWA,Rwanda,Sub-Saharan Africa,2004,413127.3978,1034591.551
654,SHN,Saint Helena,Sub-Saharan Africa,2004,6694.095,1721.912
659,KNA,Saint Kitts and Nevis,Latin America and the Caribbean,2004,15592.82416,24228.55142
660,AIA,Anguilla,Latin America and the Caribbean,2004,934.724,14662.83
662,LCA,Saint Lucia,Latin America and the Caribbean,2004,60152.05683,380308.8742
666,SPM,Saint Pierre and Miquelon,Northern America,2004,6421.626,1542.781
670,VCT,Saint Vincent and the Grenadines,Latin America and the Caribbean,2004,38156.39692,70167.97183
674,SMR,San Marino,Europe,2004,2346.18,1063.74
678,STP,Sao Tome and Principe,Sub-Saharan Africa,2004,7780.325241,6604.700736
682,SAU,Saudi Arabia,Northern Africa and Western Asia,2004,207262170.8,782053116.8
686,SEN,Senegal,Sub-Saharan Africa,2004,901151.5791,2439662.903
690,SYC,Seychelles,Sub-Saharan Africa,2004,164879.463,141924.962
694,SLE,Sierra Leone,Sub-Saharan Africa,2004,29989.187,52771.281
699,IND,India,Central and Southern Asia,2004,36829214.09,130148207
702,SGP,Singapore,Eastern and South-Eastern Asia (excl. China),2004,25990025.18,67844770.94
703,SVK,Slovakia,Europe,2004,6197047.326,17690307.42
704,VNM,Vietnam,Eastern and South-Eastern Asia (excl. China),2004,12454902.25,40097933.86
705,SVN,Slovenia,Europe,2004,1739887.542,2995383.538
706,SOM,Somalia,Sub-Saharan Africa,2004,92915.26,148689.689
710,ZAF,South Africa,Sub-Saharan Africa,2004,32670443.94,159555591
716,ZWE,Zimbabwe,Sub-Saharan Africa,2004,2103800.099,3449018.474
724,ESP,Spain,Europe,2004,39759707.41,67095695.82
732,ESH,Western Sahara,Northern Africa and Western Asia,2004,1499.972,783.663
736,SDN,Former Sudan,,2004,6628642.518,24234563.04
740,SUR,Suriname,Latin America and the Caribbean,2004,239807.913,85167.858
748,SWZ,Eswatini,Sub-Saharan Africa,2004,482094.5487,1776046.954
752,SWE,Sweden,Europe,2004,22385165.74,59373940.48
757,CHE,Switzerland,Europe,2004,17961141.93,21489811.42
760,SYR,Syria,Northern Africa and Western Asia,2004,10725118.62,21698509.93
762,TJK,Tajikistan,Central and Southern Asia,2004,568434.186,492701.544
764,THA,Thailand,Eastern and South-Eastern Asia (excl. China),2004,21422302.3,64947907.14
768,TGO,Togo,Sub-Saharan Africa,2004,520977.0755,3569557.043
772,TKL,Tokelau,Oceania (excl. Australia and New Zealand),2004,5163.559,6871.4
776,TON,Tonga,Oceania (excl. Australia and New Zealand),2004,24830.82,21426.547
780,TTO,Trinidad and Tobago,Latin America and the Caribbean,2004,5668031.788,20124039
784,ARE,United Arab Emirates,Northern Africa and Western Asia,2004,44732736.24,140761853
788,TUN,Tunisia,Northern Africa and Western Asia,2004,2798330.141,9754817.105
792,TUR,Turkey,Northern Africa and Western Asia,2004,14848504.13,45776039.97
795,TKM,Turkmenistan,Central and Southern Asia,2004,3317040.183,28221981.69
796,TCA,Turks and Caicos Islands,Latin America and the Caribbean,2004,16281.432,13434.828
798,TUV,Tuvalu,Oceania (excl. Australia and New Zealand),2004,687.801,301.325
800,UGA,Uganda,Sub-Saharan Africa,2004,662194.7743,699631.3586
804,UKR,Ukraine,Europe,2004,22951309.28,115326868.2
807,MKD,North Macedonia,Europe,2004,741875.4224,1544874.614
818,EGY,Egypt,Northern Africa and Western Asia,2004,7678210.121,31376481.39
826,GBR,United Kingdom,Europe,2004,68035708.88,155775692.9
834,TZA,Tanzania,Sub-Saharan Africa,2004,1644845.158,1621428.572
837,,Bunkers,,2004,1806.852,9112.359
838,,Free Zones,,2004,306611.708,555288.811
839,,Special Categories,,2004,20885616.3,99344809.08
842,USA,United States,Northern America,2004,130692860.3,1120850433
854,BFA,Burkina Faso,Sub-Saharan Africa,2004,652404.1837,829584.6052
858,URY,Uruguay,Latin America and the Caribbean,2004,2627621.147,5613331.104
860,UZB,Uzbekistan,Central and Southern Asia,2004,2635272.882,6360779.762
862,VEN,Venezuela,Latin America and the Caribbean,2004,41777151.65,167400648.4
876,WLF,Wallis and Futuna Islands,Oceania (excl. Australia and New Zealand),2004,568.538,452.651
882,WSM,Samoa,Oceania (excl. Australia and New Zealand),2004,20636.26927,11764.91434
887,YEM,Yemen,Northern Africa and Western Asia,2004,4571494.202,15848609.83
891,SCG,Serbia and Montenegro,,2004,1874211.372,4350642.756
894,ZMB,Zambia,Sub-Saharan Africa,2004,2090771.574,1701913.133
899,,"Areas, nes",,2004,38358705.18,139116271.3
