Importer M.49,Importer ISO3,Importer,Importer region,Year,Value (1000USD),Weight (1000kg)
4,AFG,Afghanistan,Central and Southern Asia,2000,128318.815,458866.945
8,ALB,Albania,Europe,2000,362430.1543,2487446.846
10,ATA,Antarctica,,2000,153.847,503.6
12,DZA,Algeria,Northern Africa and Western Asia,2000,3353730.82,15041873.56
16,ASM,American Samoa,Oceania (excl. Australia and New Zealand),2000,72058.182,226368.521
20,AND,Andorra,Europe,2000,166585.8099,1298233.497
24,AGO,Angola,Sub-Saharan Africa,2000,443021.396,1451195.857
28,ATG,Antigua and Barbuda,Latin America and the Caribbean,2000,132982.6102,392060.5723
31,AZE,Azerbaijan,Northern Africa and Western Asia,2000,350075.3964,3017634.417
32,ARG,Argentina,Latin America and the Caribbean,2000,3023580.278,15713552.91
36,AUS,Australia,Australia and New Zealand,2000,11666265.63,42743443.93
40,AUT,Austria,Europe,2000,11672326.12,43872253.46
44,BHS,Bahamas,Latin America and the Caribbean,2000,749438.9356,3562823.027
48,BHR,Bahrain,Northern Africa and Western Asia,2000,390701.15,4926892.534
50,BGD,Bangladesh,Central and Southern Asia,2000,1895697.134,13037177.31
51,ARM,Armenia,Northern Africa and Western Asia,2000,467694.2949,2040682.856
52,BRB,Barbados,Latin America and the Caribbean,2000,277587.4998,763035.7292
56,BEL,Belgium,Europe,2000,45237296.65,169905314.5
60,BMU,Bermuda,Northern America,2000,1388355.09,7036035.793
64,BTN,Bhutan,Central and Southern Asia,2000,3065.401,34585.95
68,BOL,Bolivia,Latin America and the Caribbean,2000,370661.8853,1696327.681
70,BIH,Bosnia Herzegovina,Europe,2000,674661.488,3485727.909
72,BWA,Botswana,Sub-Saharan Africa,2000,460861.5705,2351524.906
74,BVT,Bouvet Island,,2000,,
76,BRA,Brazil,Latin America and the Caribbean,2000,16898918.68,90474556.62
84,BLZ,Belize,Latin America and the Caribbean,2000,166939.5977,574873.0155
86,IOT,British Indian Ocean Territory,,2000,16284.982,36485.534
90,SLB,Solomon Islands,Oceania (excl. Australia and New Zealand),2000,28727.892,101346.349
92,VGB,British Virgin Islands,Latin America and the Caribbean,2000,4387694.494,24603151.61
96,BRN,Brunei Darussalam,Eastern and South-Eastern Asia (excl. China),2000,173804.255,1015686.187
100,BGR,Bulgaria,Europe,2000,1398953.941,9556990.22
104,MMR,Myanmar,Eastern and South-Eastern Asia (excl. China),2000,700045.903,3198001.18
108,BDI,Burundi,Sub-Saharan Africa,2000,15332.448,81674.949
112,BLR,Belarus,Europe,2000,4350155.784,41384242.59
116,KHM,Cambodia,Eastern and South-Eastern Asia (excl. China),2000,512076.7968,2868078.098
120,CMR,Cameroon,Sub-Saharan Africa,2000,664423.7666,3233465.273
124,CAN,Canada,Northern America,2000,32918702.54,68782187.92
132,CPV,Cabo Verde,Sub-Saharan Africa,2000,99770.90582,447940.7232
136,CYM,Cayman Islands,Latin America and the Caribbean,2000,79625.972,497194.015
140,CAF,Central African Republic,Sub-Saharan Africa,2000,15255.406,55558.929
144,LKA,Sri Lanka,Central and Southern Asia,2000,2171788.729,9372293.031
148,TCD,Chad,Sub-Saharan Africa,2000,23025.209,206538.784
152,CHL,Chile,Latin America and the Caribbean,2000,4529415.411,25322417.51
156,CHN,China,China,2000,64930816.47,275849834.9
162,CXR,Christmas Islands,,2000,2566.478,7681.11
166,CCK,Cocos Islands,,2000,601.308,2013.3
170,COL,Colombia,Latin America and the Caribbean,2000,2521630.054,9936130.559
174,COM,Comoros,Sub-Saharan Africa,2000,21497.342,151382.129
175,MYT,Mayotte,Sub-Saharan Africa,2000,41196.1768,143357.532
178,COG,"Congo, Republic",Sub-Saharan Africa,2000,133111.145,468268.798
180,COD,"Congo, Democratic Republic",Sub-Saharan Africa,2000,200830.058,778660.331
184,COK,Cook Islands,Oceania (excl. Australia and New Zealand),2000,5999.341,12355.807
188,CRI,Costa Rica,Latin America and the Caribbean,2000,1250935.112,4325694.386
191,HRV,Croatia,Europe,2000,1985718.996,9036671.415
192,CUB,Cuba,Latin America and the Caribbean,2000,1879461.612,7556862.985
196,CYP,Cyprus,Northern Africa and Western Asia,2000,2136642.996,10661506.5
203,CZE,Czech Republic,Europe,2000,7177338.748,38257299.81
204,BEN,Benin,Sub-Saharan Africa,2000,245581.549,1385531.742
208,DNK,Denmark,Europe,2000,9367695.492,36112158.16
212,DMA,Dominica,Latin America and the Caribbean,2000,52423.65453,183519.346
214,DOM,Dominican Republic,Latin America and the Caribbean,2000,2256214.281,8679444.31
218,ECU,Ecuador,Latin America and the Caribbean,2000,1027056.097,3518712.191
222,SLV,El Salvador,Latin America and the Caribbean,2000,1285617.047,4688886.815
226,GNQ,Equatorial Guinea,Sub-Saharan Africa,2000,42527.762,180339.744
231,ETH,Ethiopia,Sub-Saharan Africa,2000,502100.0065,1891845.372
232,ERI,Eritrea,Sub-Saharan Africa,2000,50176.043,229331.037
233,EST,Estonia,Europe,2000,1630952.858,9322205.475
234,FRO,Faeroe Islands,Europe,2000,119650.305,457732.5933
238,FLK,Falkland Islands (Malvinas),Latin America and the Caribbean,2000,29724.445,102495.079
239,SGS,South Georgia and the South Sandwich Islands,,2000,0.564,0.093
242,FJI,Fiji,Oceania (excl. Australia and New Zealand),2000,236942.649,807878.8
246,FIN,Finland,Europe,2000,8110705.114,47327345.26
251,FRA,France,Europe,2000,69669228.48,273715823.7
258,PYF,French Polynesia,Oceania (excl. Australia and New Zealand),2000,248922.8489,652441.8106
260,ATF,French Southern Territories,,2000,1159.448,4417.306
262,DJI,Djibouti,Sub-Saharan Africa,2000,89870.207,284271.827
266,GAB,Gabon,Sub-Saharan Africa,2000,173907.7819,538891.0208
268,GEO,Georgia,Northern Africa and Western Asia,2000,366828.9246,2218019.563
270,GMB,Gambia,Sub-Saharan Africa,2000,92970.156,512010.709
275,PSE,State of Palestine,Northern Africa and Western Asia,2000,17475.825,211929.73
276,DEU,Germany,Europe,2000,108227261.3,447312713.9
288,GHA,Ghana,Sub-Saharan Africa,2000,702113.872,3129738.461
292,GIB,Gibraltar,Europe,2000,1529297.27,8170271.063
296,KIR,Kiribati,Oceania (excl. Australia and New Zealand),2000,6596.21,57492.369
300,GRC,Greece,Europe,2000,9050302.319,38517720.15
304,GRL,Greenland,Northern America,2000,113058.0496,216384.9053
308,GRD,Grenada,Latin America and the Caribbean,2000,65308.51371,210663.8934
316,GUM,Guam,Oceania (excl. Australia and New Zealand),2000,375774.126,1466964.069
320,GTM,Guatemala,Latin America and the Caribbean,2000,1609695.894,6332637.194
324,GIN,Guinea,Sub-Saharan Africa,2000,292951.4378,1818918.312
328,GUY,Guyana,Latin America and the Caribbean,2000,218844.17,966025.4304
332,HTI,Haiti,Latin America and the Caribbean,2000,321607.411,1499305.529
334,HMD,Heard Island and McDonald Islands,,2000,54.452,95.252
336,VAT,Holy See,Europe,2000,6168.172,13812.819
340,HND,Honduras,Latin America and the Caribbean,2000,869794.6368,2696769.491
344,HKG,"China, Hong Kong SAR",China,2000,31240252.34,128471435.9
348,HUN,Hungary,Europe,2000,5403402.243,24770175.43
352,ISL,Iceland,Europe,2000,548701.1229,2239670.646
360,IDN,Indonesia,Eastern and South-Eastern Asia (excl. China),2000,14267476.84,58216700.84
364,IRN,Iran,Central and Southern Asia,2000,5808361.334,28486141.87
368,IRQ,Iraq,Northern Africa and Western Asia,2000,875668.768,2299716.481
372,IRL,Ireland,Europe,2000,6125377.329,26199249.26
376,ISR,Israel,Northern Africa and Western Asia,2000,10952407.59,26986472.5
381,ITA,Italy,Europe,2000,77235732.24,278726677.8
384,CIV,Cote d'Ivoire,Sub-Saharan Africa,2000,1588410.476,7935370.419
388,JAM,Jamaica,Latin America and the Caribbean,2000,1139579.001,4812122.686
392,JPN,Japan,Eastern and South-Eastern Asia (excl. China),2000,147622899.2,753788820.9
398,KAZ,Kazakhstan,Central and Southern Asia,2000,946776.6428,14329354.65
400,JOR,Jordan,Northern Africa and Western Asia,2000,2000632.627,9212875.652
404,KEN,Kenya,Sub-Saharan Africa,2000,1365376.463,5572256.48
408,PRK,"Korea, Democratic People’s Republic",Eastern and South-Eastern Asia (excl. China),2000,749840.227,7903754.393
410,KOR,"Korea, Republic",Eastern and South-Eastern Asia (excl. China),2000,64725460.84,331217506.6
414,KWT,Kuwait,Northern Africa and Western Asia,2000,876779.939,5133722.427
417,KGZ,Kyrgyzstan,Central and Southern Asia,2000,218056.3619,2667280.362
418,LAO,Lao PDR,Eastern and South-Eastern Asia (excl. China),2000,158628.985,752745.129
422,LBN,Lebanon,Northern Africa and Western Asia,2000,2650092.387,12915510.66
426,LSO,Lesotho,Sub-Saharan Africa,2000,1198.511,2638.42
428,LVA,Latvia,Europe,2000,1480643.908,7258260.417
430,LBR,Liberia,Sub-Saharan Africa,2000,178407.522,867700.15
434,LBY,Libya,Northern Africa and Western Asia,2000,991287.469,5476811.885
440,LTU,Lithuania,Europe,2000,2256782.913,13590868.16
442,LUX,Luxembourg,Europe,2000,2861686.636,16335775.9
446,MAC,"China, Macao SAR",China,2000,583698.7593,60408373.1
450,MDG,Madagascar,Sub-Saharan Africa,2000,461515.2722,1465170.092
454,MWI,Malawi,Sub-Saharan Africa,2000,170359.8768,563110.4129
458,MYS,Malaysia,Eastern and South-Eastern Asia (excl. China),2000,13261700.11,52326929.11
462,MDV,Maldives,Central and Southern Asia,2000,146291.8563,570573.1265
466,MLI,Mali,Sub-Saharan Africa,2000,344288.8467,1616269.716
470,MLT,Malta,Europe,2000,890191.2604,4128885.367
473,,"Latin American Integration Association, nes",,2000,1765391.74,8607856.501
478,MRT,Mauritania,Sub-Saharan Africa,2000,264139.5721,1271664.019
480,MUS,Mauritius,Sub-Saharan Africa,2000,765073.6495,2359074.177
484,MEX,Mexico,Latin America and the Caribbean,2000,21906433.82,76025299.14
490,,"Other Asia, nes",,2000,50739602.44,267523691.2
496,MNG,Mongolia,Eastern and South-Eastern Asia (excl. China),2000,198381.125,895192.2259
498,MDA,Moldova,Europe,2000,335068.8036,2212349.893
500,MSR,Montserrat,Latin America and the Caribbean,2000,3438.584,32238.883
504,MAR,Morocco,Northern Africa and Western Asia,2000,2315604.069,12371434.09
508,MOZ,Mozambique,Sub-Saharan Africa,2000,618041.056,3232824.854
512,OMN,Oman,Northern Africa and Western Asia,2000,955711.7272,2788251.583
516,NAM,Namibia,Sub-Saharan Africa,2000,265879.027,1057361.413
520,NRU,Nauru,Oceania (excl. Australia and New Zealand),2000,5814.173,15399.565
524,NPL,Nepal,Central and Southern Asia,2000,444143.3964,480634.001
527,,"Oceania, nes",,2000,647295.481,3341787.726
528,NLD,Netherlands,Europe,2000,54469448.22,271415400.7
530,ANT,Netherlands Antilles,,2000,1554834.858,8446661.129
533,ABW,Aruba,Latin America and the Caribbean,2000,150314.549,942301.836
540,NCL,New Caledonia,Oceania (excl. Australia and New Zealand),2000,187084.73,975032.638
548,VUT,Vanuatu,Oceania (excl. Australia and New Zealand),2000,8545.026,25998.054
554,NZL,New Zealand,Australia and New Zealand,2000,2826958.267,10600934.02
558,NIC,Nicaragua,Latin America and the Caribbean,2000,578701.0684,2414263.162
562,NER,Niger,Sub-Saharan Africa,2000,159832.8951,736908.1384
566,NGA,Nigeria,Sub-Saharan Africa,2000,2611474.241,12027649.44
568,,"Other Europe, nes",,2000,20425440.84,104072009.6
570,NIU,Niue,Oceania (excl. Australia and New Zealand),2000,701.599,1215.003
574,NFK,Norfolk Islands,Australia and New Zealand,2000,3469.719,9864.254
577,,"Other Africa, nes",,2000,3898034.968,19716833.66
579,NOR,Norway,Europe,2000,5863775.233,22580421.52
580,MNP,Northern Mariana Islands,Oceania (excl. Australia and New Zealand),2000,46682.193,189073.304
581,UMI,United States Minor Outlying Islands,,2000,7281.947,8671.272
583,FSM,Micronesia,Oceania (excl. Australia and New Zealand),2000,21411.075,95432.399
584,MHL,Marshall Islands,Oceania (excl. Australia and New Zealand),2000,17939.264,65818.741
585,PLW,Palau,Oceania (excl. Australia and New Zealand),2000,14727.662,81971.604
586,PAK,Pakistan,Central and Southern Asia,2000,1648611.338,6809179.8
591,PAN,Panama,Latin America and the Caribbean,2000,1563037.37,7681063.726
598,PNG,Papua New Guinea,Oceania (excl. Australia and New Zealand),2000,329434.921,1190919.866
600,PRY,Paraguay,Latin America and the Caribbean,2000,572069.9981,2121926.838
604,PER,Peru,Latin America and the Caribbean,2000,2373570.651,11115608.59
608,PHL,Philippines,Eastern and South-Eastern Asia (excl. China),2000,8898627.164,43965403.48
612,PCN,Pitcairn,Oceania (excl. Australia and New Zealand),2000,771.086,959.794
616,POL,Poland,Europe,2000,11401604.76,58977307.98
620,PRT,Portugal,Europe,2000,11556711.1,46631023.73
624,GNB,Guinea-Bissau,Sub-Saharan Africa,2000,22284.595,281620.131
626,TLS,Timor-Leste,Eastern and South-Eastern Asia (excl. China),2000,14520.188,60166.69
634,QAT,Qatar,Northern Africa and Western Asia,2000,534433.1804,2639746.764
637,,"North America and Central America, nes",,2000,15510465.26,82532962.4
642,ROU,Romania,Europe,2000,3137521.671,20173009.16
643,RUS,Russian Federation,Europe,2000,11487158.04,79851375.48
646,RWA,Rwanda,Sub-Saharan Africa,2000,42076.612,141315.767
654,SHN,Saint Helena,Sub-Saharan Africa,2000,16525.07,44382.866
659,KNA,Saint Kitts and Nevis,Latin America and the Caribbean,2000,50143.83712,227845.5102
660,AIA,Anguilla,Latin America and the Caribbean,2000,7392.358,52309.122
662,LCA,Saint Lucia,Latin America and the Caribbean,2000,160845.9436,706479.7509
666,SPM,Saint Pierre and Miquelon,Northern America,2000,9238.62,10809.644
670,VCT,Saint Vincent and the Grenadines,Latin America and the Caribbean,2000,90507.67345,406587.4535
674,SMR,San Marino,Europe,2000,23289.194,45527.726
678,STP,Sao Tome and Principe,Sub-Saharan Africa,2000,13949.44519,56778.95103
682,SAU,Saudi Arabia,Northern Africa and Western Asia,2000,8170849.511,24241847.13
686,SEN,Senegal,Sub-Saharan Africa,2000,891331.0227,4254498.938
690,SYC,Seychelles,Sub-Saharan Africa,2000,97742.327,198007.417
694,SLE,Sierra Leone,Sub-Saharan Africa,2000,127168.122,540894.619
699,IND,India,Central and Southern Asia,2000,37451514.11,201871109.1
702,SGP,Singapore,Eastern and South-Eastern Asia (excl. China),2000,25510258.98,315162238
703,SVK,Slovakia,Europe,2000,3744577.554,26873801.05
704,VNM,Vietnam,Eastern and South-Eastern Asia (excl. China),2000,5046653.247,18509067.45
705,SVN,Slovenia,Europe,2000,2653083.065,9762644.842
706,SOM,Somalia,Sub-Saharan Africa,2000,85781.503,436822.465
710,ZAF,South Africa,Sub-Saharan Africa,2000,7288890.746,32476421.98
716,ZWE,Zimbabwe,Sub-Saharan Africa,2000,664017.8509,1826538.608
724,ESP,Spain,Europe,2000,41835446.29,192097451
732,ESH,Western Sahara,Northern Africa and Western Asia,2000,2273.74,14089.604
736,SDN,Former Sudan,,2000,714746.5664,3003127.019
740,SUR,Suriname,Latin America and the Caribbean,2000,149800.459,688188.852
748,SWZ,Eswatini,Sub-Saharan Africa,2000,323637.9994,1132173.669
752,SWE,Sweden,Europe,2000,15468957.3,63599336.25
757,CHE,Switzerland,Europe,2000,23917772.71,47633884.28
760,SYR,Syria,Northern Africa and Western Asia,2000,931091.299,3662982.085
762,TJK,Tajikistan,Central and Southern Asia,2000,77701.826,456210.029
764,THA,Thailand,Eastern and South-Eastern Asia (excl. China),2000,17834749.69,62815528.9
768,TGO,Togo,Sub-Saharan Africa,2000,220221.0214,1553722.849
772,TKL,Tokelau,Oceania (excl. Australia and New Zealand),2000,2981.939,46418.578
776,TON,Tonga,Oceania (excl. Australia and New Zealand),2000,21616.388,64199.227
780,TTO,Trinidad and Tobago,Latin America and the Caribbean,2000,1280093.184,4816795.05
784,ARE,United Arab Emirates,Northern Africa and Western Asia,2000,4338594.98,14806508.68
788,TUN,Tunisia,Northern Africa and Western Asia,2000,2534117.67,13831177.95
792,TUR,Turkey,Northern Africa and Western Asia,2000,16992432.67,87437118.69
795,TKM,Turkmenistan,Central and Southern Asia,2000,255423.4656,881336.5061
796,TCA,Turks and Caicos Islands,Latin America and the Caribbean,2000,11174.165,51820.9
798,TUV,Tuvalu,Oceania (excl. Australia and New Zealand),2000,854.473,1567.732
800,UGA,Uganda,Sub-Saharan Africa,2000,308741.5835,1073961.251
804,UKR,Ukraine,Europe,2000,3433227.097,33159228.25
807,MKD,North Macedonia,Europe,2000,871224.869,3816744.022
818,EGY,Egypt,Northern Africa and Western Asia,2000,4441282.294,16975751.98
826,GBR,United Kingdom,Europe,2000,68482391.94,178855003
834,TZA,Tanzania,Sub-Saharan Africa,2000,628212.1168,2173321.088
837,,Bunkers,,2000,1763030.958,9288045.766
838,,Free Zones,,2000,283661.605,1068187.471
839,,Special Categories,,2000,3224624.922,18057933.62
842,USA,United States,Northern America,2000,243582167.5,888418994
854,BFA,Burkina Faso,Sub-Saharan Africa,2000,302612.1433,1164855.278
858,URY,Uruguay,Latin America and the Caribbean,2000,1143992.847,4586228.087
860,UZB,Uzbekistan,Central and Southern Asia,2000,236874.931,1869362.867
862,VEN,Venezuela,Latin America and the Caribbean,2000,2744375.095,10512437.04
876,WLF,Wallis and Futuna Islands,Oceania (excl. Australia and New Zealand),2000,3782.224,9553.951
882,WSM,Samoa,Oceania (excl. Australia and New Zealand),2000,37977.544,107873.859
887,YEM,Yemen,Northern Africa and Western Asia,2000,762516.085,3445805.771
891,SCG,Serbia and Montenegro,,2000,1451732.62,6776557.381
894,ZMB,Zambia,Sub-Saharan Africa,2000,237508.296,1131458.23
899,,"Areas, nes",,2000,36133300.35,247713020.6
4,AFG,Afghanistan,Central and Southern Asia,2001,89655.54,433376.655
8,ALB,Albania,Europe,2001,426646.7014,2785027.528
10,ATA,Antarctica,,2001,3090.439,15010.154
12,DZA,Algeria,Northern Africa and Western Asia,2001,3552517.384,15635875.68
16,ASM,American Samoa,Oceania (excl. Australia and New Zealand),2001,64507.507,150397.991
20,AND,Andorra,Europe,2001,158607.8467,1350816.054
24,AGO,Angola,Sub-Saharan Africa,2001,548687.57,1738842.036
28,ATG,Antigua and Barbuda,Latin America and the Caribbean,2001,53053.297,157408.442
31,AZE,Azerbaijan,Northern Africa and Western Asia,2001,510878.2814,3232968.606
32,ARG,Argentina,Latin America and the Caribbean,2001,2486028.839,13462146.16
36,AUS,Australia,Australia and New Zealand,2001,11029565.38,47116019.38
40,AUT,Austria,Europe,2001,12057409.48,47953914.78
44,BHS,Bahamas,Latin America and the Caribbean,2001,658566.1926,6380068.674
48,BHR,Bahrain,Northern Africa and Western Asia,2001,391971.09,3704831.175
50,BGD,Bangladesh,Central and Southern Asia,2001,2246049.207,15055063.66
51,ARM,Armenia,Northern Africa and Western Asia,2001,470216.1679,2084956.622
52,BRB,Barbados,Latin America and the Caribbean,2001,344616.8992,1398610.108
56,BEL,Belgium,Europe,2001,44251498.04,173437105
60,BMU,Bermuda,Northern America,2001,1415193.036,9057369.752
64,BTN,Bhutan,Central and Southern Asia,2001,4572.743,39534.747
68,BOL,Bolivia,Latin America and the Caribbean,2001,382376.1759,1475261.169
70,BIH,Bosnia Herzegovina,Europe,2001,776750.385,3645755.644
72,BWA,Botswana,Sub-Saharan Africa,2001,408850.6927,1917134.982
74,BVT,Bouvet Island,,2001,,
76,BRA,Brazil,Latin America and the Caribbean,2001,14848177.96,89420723.26
84,BLZ,Belize,Latin America and the Caribbean,2001,152795.8315,935285.7826
86,IOT,British Indian Ocean Territory,,2001,21057.043,81623.272
90,SLB,Solomon Islands,Oceania (excl. Australia and New Zealand),2001,21081.706,88542.457
92,VGB,British Virgin Islands,Latin America and the Caribbean,2001,3592440.981,23689602.29
96,BRN,Brunei Darussalam,Eastern and South-Eastern Asia (excl. China),2001,124986.68,521600.351
100,BGR,Bulgaria,Europe,2001,1445371.486,7776153.161
104,MMR,Myanmar,Eastern and South-Eastern Asia (excl. China),2001,981666.7017,19328583.06
108,BDI,Burundi,Sub-Saharan Africa,2001,16469.918,75509.794
112,BLR,Belarus,Europe,2001,3747431.696,29710924.77
116,KHM,Cambodia,Eastern and South-Eastern Asia (excl. China),2001,524267.3802,2676543.423
120,CMR,Cameroon,Sub-Saharan Africa,2001,672032.996,3524641.029
124,CAN,Canada,Northern America,2001,29356308.89,65395752.59
132,CPV,Cabo Verde,Sub-Saharan Africa,2001,99290.39431,429421.171
136,CYM,Cayman Islands,Latin America and the Caribbean,2001,119063.38,778942.695
140,CAF,Central African Republic,Sub-Saharan Africa,2001,18380.742,77559.661
144,LKA,Sri Lanka,Central and Southern Asia,2001,1914200.124,8382087.152
148,TCD,Chad,Sub-Saharan Africa,2001,33872.735,270104.802
152,CHL,Chile,Latin America and the Caribbean,2001,4231306.382,22556778.58
156,CHN,China,China,2001,64993144.56,325356322.1
162,CXR,Christmas Islands,,2001,2608.087,11120.513
166,CCK,Cocos Islands,,2001,983.381,2341.462
170,COL,Colombia,Latin America and the Caribbean,2001,2428474.26,9693015.254
174,COM,Comoros,Sub-Saharan Africa,2001,25232.302,178197.376
175,MYT,Mayotte,Sub-Saharan Africa,2001,45158.15494,135233.6621
178,COG,"Congo, Republic",Sub-Saharan Africa,2001,156810.14,628308.145
180,COD,"Congo, Democratic Republic",Sub-Saharan Africa,2001,177819.88,685922.826
184,COK,Cook Islands,Oceania (excl. Australia and New Zealand),2001,6713.615,13143.732
188,CRI,Costa Rica,Latin America and the Caribbean,2001,1169833.806,4412557.14
191,HRV,Croatia,Europe,2001,2303352.703,10621563.93
192,CUB,Cuba,Latin America and the Caribbean,2001,1833870.7,7620004.865
196,CYP,Cyprus,Northern Africa and Western Asia,2001,1836834.219,12299554.32
203,CZE,Czech Republic,Europe,2001,7786775.525,40869823.01
204,BEN,Benin,Sub-Saharan Africa,2001,269171.04,1711022.645
208,DNK,Denmark,Europe,2001,8700068.155,32698203.7
212,DMA,Dominica,Latin America and the Caribbean,2001,57644.49849,243109.616
214,DOM,Dominican Republic,Latin America and the Caribbean,2001,2179025.055,8654051.867
218,ECU,Ecuador,Latin America and the Caribbean,2001,1226083.499,2600427.699
222,SLV,El Salvador,Latin America and the Caribbean,2001,1317071.824,5003384.913
226,GNQ,Equatorial Guinea,Sub-Saharan Africa,2001,71215.624,342103.549
231,ETH,Ethiopia,Sub-Saharan Africa,2001,737394.8798,3010484.92
232,ERI,Eritrea,Sub-Saharan Africa,2001,55376.87,282286.058
233,EST,Estonia,Europe,2001,1587417.675,9346574.649
234,FRO,Faeroe Islands,Europe,2001,160795.8364,685592.5204
238,FLK,Falkland Islands (Malvinas),Latin America and the Caribbean,2001,19600.572,74307.683
239,SGS,South Georgia and the South Sandwich Islands,,2001,1192.439,9858.884
242,FJI,Fiji,Oceania (excl. Australia and New Zealand),2001,238050.984,929179.649
246,FIN,Finland,Europe,2001,7850512.077,51582169.33
251,FRA,France,Europe,2001,66390824.36,271631081.9
258,PYF,French Polynesia,Oceania (excl. Australia and New Zealand),2001,248549.4678,753692.125
260,ATF,French Southern Territories,,2001,1310.542,4560.35
262,DJI,Djibouti,Sub-Saharan Africa,2001,93579.09,323689.063
266,GAB,Gabon,Sub-Saharan Africa,2001,209492.4396,595165.1847
268,GEO,Georgia,Northern Africa and Western Asia,2001,362708.9252,2048809.407
270,GMB,Gambia,Sub-Saharan Africa,2001,100893.629,462553.017
275,PSE,State of Palestine,Northern Africa and Western Asia,2001,24296.814,234509.682
276,DEU,Germany,Europe,2001,105735283.8,425777359.4
288,GHA,Ghana,Sub-Saharan Africa,2001,710583.814,2935029.898
292,GIB,Gibraltar,Europe,2001,842603.949,5254141.056
296,KIR,Kiribati,Oceania (excl. Australia and New Zealand),2001,4166.726,12973.53
300,GRC,Greece,Europe,2001,8991427.407,38697482.95
304,GRL,Greenland,Northern America,2001,98126.80928,255591.1028
308,GRD,Grenada,Latin America and the Caribbean,2001,58036.32281,179743.0171
316,GUM,Guam,Oceania (excl. Australia and New Zealand),2001,391669.342,1634372.235
320,GTM,Guatemala,Latin America and the Caribbean,2001,1761752.509,7553399.493
324,GIN,Guinea,Sub-Saharan Africa,2001,235111.712,1522146.581
328,GUY,Guyana,Latin America and the Caribbean,2001,236178.467,1262639.592
332,HTI,Haiti,Latin America and the Caribbean,2001,343627.753,1407107.344
336,VAT,Holy See,Europe,2001,4733.608,10943.484
340,HND,Honduras,Latin America and the Caribbean,2001,900840.683,3192352.951
344,HKG,"China, Hong Kong SAR",China,2001,29215214.49,145330185.8
348,HUN,Hungary,Europe,2001,5675384.642,24928819.83
352,ISL,Iceland,Europe,2001,581852.6122,2564949.391
360,IDN,Indonesia,Eastern and South-Eastern Asia (excl. China),2001,12913133.47,55826540.81
364,IRN,Iran,Central and Southern Asia,2001,7192695.191,31447698.24
368,IRQ,Iraq,Northern Africa and Western Asia,2001,1133432.527,3890576.852
372,IRL,Ireland,Europe,2001,6145896.451,25957210.19
376,ISR,Israel,Northern Africa and Western Asia,2001,9026690.669,91970976.52
381,ITA,Italy,Europe,2001,71963781.28,266983016.3
384,CIV,Cote d'Ivoire,Sub-Saharan Africa,2001,1462518.544,7910441.195
388,JAM,Jamaica,Latin America and the Caribbean,2001,1108541.07,4998541.779
392,JPN,Japan,Eastern and South-Eastern Asia (excl. China),2001,134830381.3,736134508
398,KAZ,Kazakhstan,Central and Southern Asia,2001,1562850.953,13248772.4
400,JOR,Jordan,Northern Africa and Western Asia,2001,2156975.846,9792597.551
404,KEN,Kenya,Sub-Saharan Africa,2001,1735393.564,7333908.282
408,PRK,"Korea, Democratic People’s Republic",Eastern and South-Eastern Asia (excl. China),2001,1794149.429,9624217.935
410,KOR,"Korea, Republic",Eastern and South-Eastern Asia (excl. China),2001,58172826.85,337102161.8
414,KWT,Kuwait,Northern Africa and Western Asia,2001,997114.646,5335238.798
417,KGZ,Kyrgyzstan,Central and Southern Asia,2001,182135.4944,2540200.247
418,LAO,Lao PDR,Eastern and South-Eastern Asia (excl. China),2001,179528.618,898952.867
422,LBN,Lebanon,Northern Africa and Western Asia,2001,2945653.92,15339939.86
426,LSO,Lesotho,Sub-Saharan Africa,2001,1221.12,1934.691
428,LVA,Latvia,Europe,2001,1358731.85,6603156.088
430,LBR,Liberia,Sub-Saharan Africa,2001,124049.381,668460.531
434,LBY,Libya,Northern Africa and Western Asia,2001,1200977.801,5343087.847
440,LTU,Lithuania,Europe,2001,2329509.199,14176781.6
442,LUX,Luxembourg,Europe,2001,2675192.499,14959664.17
446,MAC,"China, Macao SAR",China,2001,575913.6498,56691600.42
450,MDG,Madagascar,Sub-Saharan Africa,2001,456159.9094,1728618.436
454,MWI,Malawi,Sub-Saharan Africa,2001,173872.3293,559655.0385
458,MYS,Malaysia,Eastern and South-Eastern Asia (excl. China),2001,11302898.82,41248664.46
462,MDV,Maldives,Central and Southern Asia,2001,144131.5033,596079.9905
466,MLI,Mali,Sub-Saharan Africa,2001,402527.7129,1854953.428
470,MLT,Malta,Europe,2001,741685.7132,3557569.041
473,,"Latin American Integration Association, nes",,2001,1336788.187,7722639.889
478,MRT,Mauritania,Sub-Saharan Africa,2001,293156.2652,1480571.613
480,MUS,Mauritius,Sub-Saharan Africa,2001,785983.2059,2565798.727
484,MEX,Mexico,Latin America and the Caribbean,2001,21840482.43,78109497.21
490,,"Other Asia, nes",,2001,42735149.33,261075274
496,MNG,Mongolia,Eastern and South-Eastern Asia (excl. China),2001,242710.6828,927801.7567
498,MDA,Moldova,Europe,2001,444456.3073,3294779.998
500,MSR,Montserrat,Latin America and the Caribbean,2001,3417.215,26796.866
504,MAR,Morocco,Northern Africa and Western Asia,2001,2396067.73,13760807.36
508,MOZ,Mozambique,Sub-Saharan Africa,2001,659764.5838,3804980.461
512,OMN,Oman,Northern Africa and Western Asia,2001,1661552.135,3701495.34
516,NAM,Namibia,Sub-Saharan Africa,2001,379929.5213,1686084.578
520,NRU,Nauru,Oceania (excl. Australia and New Zealand),2001,3772.287,3893.91
524,NPL,Nepal,Central and Southern Asia,2001,127844.011,496300.186
527,,"Oceania, nes",,2001,494086.675,3081742.388
528,NLD,Netherlands,Europe,2001,52318830.75,281332027.1
530,ANT,Netherlands Antilles,,2001,1564230.716,11426926.28
533,ABW,Aruba,Latin America and the Caribbean,2001,114403.456,634065.936
540,NCL,New Caledonia,Oceania (excl. Australia and New Zealand),2001,233355.1079,1074862.472
548,VUT,Vanuatu,Oceania (excl. Australia and New Zealand),2001,12378.118,42556.308
554,NZL,New Zealand,Australia and New Zealand,2001,2648738.184,11202284.46
558,NIC,Nicaragua,Latin America and the Caribbean,2001,569132.3502,2399494.422
562,NER,Niger,Sub-Saharan Africa,2001,199001.5971,947206.2367
566,NGA,Nigeria,Sub-Saharan Africa,2001,3449565.994,17437017.78
568,,"Other Europe, nes",,2001,15526110.75,90110554.32
570,NIU,Niue,Oceania (excl. Australia and New Zealand),2001,564.035,903.646
574,NFK,Norfolk Islands,Australia and New Zealand,2001,7925.645,130927.101
577,,"Other Africa, nes",,2001,3162989.59,18242194.26
579,NOR,Norway,Europe,2001,5779763.189,22219284.69
580,MNP,Northern Mariana Islands,Oceania (excl. Australia and New Zealand),2001,45630.443,168505.464
581,UMI,United States Minor Outlying Islands,,2001,5236.179,11160.312
583,FSM,Micronesia,Oceania (excl. Australia and New Zealand),2001,22196.315,78982.506
584,MHL,Marshall Islands,Oceania (excl. Australia and New Zealand),2001,25854.112,97851.677
585,PLW,Palau,Oceania (excl. Australia and New Zealand),2001,8058.853,33225.562
586,PAK,Pakistan,Central and Southern Asia,2001,1720043.773,6776974.025
591,PAN,Panama,Latin America and the Caribbean,2001,1468279.405,8473293.594
598,PNG,Papua New Guinea,Oceania (excl. Australia and New Zealand),2001,288609.369,1316299.756
600,PRY,Paraguay,Latin America and the Caribbean,2001,533214.8413,2023700.426
604,PER,Peru,Latin America and the Caribbean,2001,2377555.324,11739568.77
608,PHL,Philippines,Eastern and South-Eastern Asia (excl. China),2001,8476663.635,46459521.06
612,PCN,Pitcairn,Oceania (excl. Australia and New Zealand),2001,553.008,662.722
616,POL,Poland,Europe,2001,11583470.03,58105836.12
620,PRT,Portugal,Europe,2001,11656807.23,47338619.31
624,GNB,Guinea-Bissau,Sub-Saharan Africa,2001,18069.203,133889.904
626,TLS,Timor-Leste,Eastern and South-Eastern Asia (excl. China),2001,36292.078,143673.751
634,QAT,Qatar,Northern Africa and Western Asia,2001,617623.4728,2820046.674
637,,"North America and Central America, nes",,2001,12148567.82,84032218.32
642,ROU,Romania,Europe,2001,3814165.942,22577450.7
643,RUS,Russian Federation,Europe,2001,11263015.52,77375624.64
646,RWA,Rwanda,Sub-Saharan Africa,2001,114882.7478,294442.652
654,SHN,Saint Helena,Sub-Saharan Africa,2001,11352.075,41470.465
659,KNA,Saint Kitts and Nevis,Latin America and the Caribbean,2001,53269.17236,209615.3849
660,AIA,Anguilla,Latin America and the Caribbean,2001,9725.973,61720.174
662,LCA,Saint Lucia,Latin America and the Caribbean,2001,326458.4534,2650537.328
666,SPM,Saint Pierre and Miquelon,Northern America,2001,10901.407,8317.745
670,VCT,Saint Vincent and the Grenadines,Latin America and the Caribbean,2001,87492.13378,514446.4061
674,SMR,San Marino,Europe,2001,35252.08,97262.889
678,STP,Sao Tome and Principe,Sub-Saharan Africa,2001,15330.64015,67091.77254
682,SAU,Saudi Arabia,Northern Africa and Western Asia,2001,7704253.623,23218096.15
686,SEN,Senegal,Sub-Saharan Africa,2001,829170.1149,4471426.007
690,SYC,Seychelles,Sub-Saharan Africa,2001,124164.5406,389215.6646
694,SLE,Sierra Leone,Sub-Saharan Africa,2001,126526.998,554821.897
699,IND,India,Central and Southern Asia,2001,34917628.23,159719039.8
702,SGP,Singapore,Eastern and South-Eastern Asia (excl. China),2001,22885095.63,261458689.2
703,SVK,Slovakia,Europe,2001,4066347.453,28255673.76
704,VNM,Vietnam,Eastern and South-Eastern Asia (excl. China),2001,5495306.388,20636066.23
705,SVN,Slovenia,Europe,2001,2672006.217,10709716.71
706,SOM,Somalia,Sub-Saharan Africa,2001,85328.391,519419.101
710,ZAF,South Africa,Sub-Saharan Africa,2001,6673872.747,35522631.16
716,ZWE,Zimbabwe,Sub-Saharan Africa,2001,506355.9045,1262475.068
724,ESP,Spain,Europe,2001,41682151.06,197596909.4
732,ESH,Western Sahara,Northern Africa and Western Asia,2001,1069.566,4916.339
736,SDN,Former Sudan,,2001,604307.5596,2722200.784
740,SUR,Suriname,Latin America and the Caribbean,2001,105446.958,572190.686
748,SWZ,Eswatini,Sub-Saharan Africa,2001,283999.0829,2041979.006
752,SWE,Sweden,Europe,2001,14046363.88,61890295.04
757,CHE,Switzerland,Europe,2001,23481646.01,45371006.35
760,SYR,Syria,Northern Africa and Western Asia,2001,3549265.328,6097692.646
762,TJK,Tajikistan,Central and Southern Asia,2001,128386.403,901706.769
764,THA,Thailand,Eastern and South-Eastern Asia (excl. China),2001,17675487.66,70105213.03
768,TGO,Togo,Sub-Saharan Africa,2001,261260.5231,1895583.147
772,TKL,Tokelau,Oceania (excl. Australia and New Zealand),2001,5509.815,12150.729
776,TON,Tonga,Oceania (excl. Australia and New Zealand),2001,18042.656,50301.699
780,TTO,Trinidad and Tobago,Latin America and the Caribbean,2001,1401518.379,8885085.466
784,ARE,United Arab Emirates,Northern Africa and Western Asia,2001,5324314.25,17643666.35
788,TUN,Tunisia,Northern Africa and Western Asia,2001,2564976.028,13442752.6
792,TUR,Turkey,Northern Africa and Western Asia,2001,13529080.69,69330262.09
795,TKM,Turkmenistan,Central and Southern Asia,2001,73692.07,416087.374
796,TCA,Turks and Caicos Islands,Latin America and the Caribbean,2001,12071.012,43672.17
798,TUV,Tuvalu,Oceania (excl. Australia and New Zealand),2001,39081.383,296658.667
800,UGA,Uganda,Sub-Saharan Africa,2001,307104.4692,1121996.069
804,UKR,Ukraine,Europe,2001,8301921.346,77107099.36
807,MKD,North Macedonia,Europe,2001,699849.2473,2790962.609
818,EGY,Egypt,Northern Africa and Western Asia,2001,4733910.395,18257292.91
826,GBR,United Kingdom,Europe,2001,61421396.79,198726000.2
834,TZA,Tanzania,Sub-Saharan Africa,2001,588252.7131,2431490.298
837,,Bunkers,,2001,2836931.79,15668676.97
838,,Free Zones,,2001,448783.524,1708939.452
839,,Special Categories,,2001,3783440.699,17874741.59
842,USA,United States,Northern America,2001,217126335.9,899077482.3
854,BFA,Burkina Faso,Sub-Saharan Africa,2001,363049.9902,1551194.937
858,URY,Uruguay,Latin America and the Caribbean,2001,1028991.645,4260965.175
860,UZB,Uzbekistan,Central and Southern Asia,2001,366449.051,2332780.606
862,VEN,Venezuela,Latin America and the Caribbean,2001,3062823.14,10624042.91
876,WLF,Wallis and Futuna Islands,Oceania (excl. Australia and New Zealand),2001,3882.401,8473.204
882,WSM,Samoa,Oceania (excl. Australia and New Zealand),2001,48259.68338,140947.9098
887,YEM,Yemen,Northern Africa and Western Asia,2001,813938.814,3535729.293
891,SCG,Serbia and Montenegro,,2001,1666424.409,7546451.752
894,ZMB,Zambia,Sub-Saharan Africa,2001,169928.512,683219.826
899,,"Areas, nes",,2001,18545999.66,111743629.5
4,AFG,Afghanistan,Central and Southern Asia,2002,129141.065,643255.766
8,ALB,Albania,Europe,2002,470803.3152,2904912.756
10,ATA,Antarctica,,2002,1590.582,7875.678
12,DZA,Algeria,Northern Africa and Western Asia,2002,4367395.744,19568181.48
16,ASM,American Samoa,Oceania (excl. Australia and New Zealand),2002,90954.412,203020.702
20,AND,Andorra,Europe,2002,183052.4206,1372692.742
24,AGO,Angola,Sub-Saharan Africa,2002,555455.436,2024258.551
28,ATG,Antigua and Barbuda,Latin America and the Caribbean,2002,68090.342,269528.773
31,AZE,Azerbaijan,Northern Africa and Western Asia,2002,525730.426,5143736.879
32,ARG,Argentina,Latin America and the Caribbean,2002,1324550.433,9807138.101
36,AUS,Australia,Australia and New Zealand,2002,11898554.41,48031980.37
40,AUT,Austria,Europe,2002,12533065.11,51284668.13
44,BHS,Bahamas,Latin America and the Caribbean,2002,929445.514,5544541.604
48,BHR,Bahrain,Northern Africa and Western Asia,2002,805139.0447,9312178.146
50,BGD,Bangladesh,Central and Southern Asia,2002,3345056.598,20156521.6
51,ARM,Armenia,Northern Africa and Western Asia,2002,536800.6407,1888657.118
52,BRB,Barbados,Latin America and the Caribbean,2002,261657.7945,815460.4718
56,BEL,Belgium,Europe,2002,49099572.24,191475513.2
60,BMU,Bermuda,Northern America,2002,2095247.313,12632021.9
64,BTN,Bhutan,Central and Southern Asia,2002,8276.52,42983.513
68,BOL,Bolivia,Latin America and the Caribbean,2002,344390.1594,1404296.765
70,BIH,Bosnia Herzegovina,Europe,2002,922273.292,4186087.887
72,BWA,Botswana,Sub-Saharan Africa,2002,716531.6355,2272655.947
74,BVT,Bouvet Island,,2002,9,19.8
76,BRA,Brazil,Latin America and the Caribbean,2002,13566235.5,85795696.51
80,,British Antarctic Territories,,2002,,
84,BLZ,Belize,Latin America and the Caribbean,2002,132910.124,903119.2424
86,IOT,British Indian Ocean Territory,,2002,34438.273,115304.003
90,SLB,Solomon Islands,Oceania (excl. Australia and New Zealand),2002,21758.666,194425.543
92,VGB,British Virgin Islands,Latin America and the Caribbean,2002,2782268.458,17769224.07
96,BRN,Brunei Darussalam,Eastern and South-Eastern Asia (excl. China),2002,225798.1328,1025460.264
100,BGR,Bulgaria,Europe,2002,1609799.969,10691626.4
104,MMR,Myanmar,Eastern and South-Eastern Asia (excl. China),2002,652425.652,2758187.633
108,BDI,Burundi,Sub-Saharan Africa,2002,34527.608,157907.618
112,BLR,Belarus,Europe,2002,3844859.068,33806868.22
116,KHM,Cambodia,Eastern and South-Eastern Asia (excl. China),2002,493146.5013,2707086.238
120,CMR,Cameroon,Sub-Saharan Africa,2002,650231.0526,3451500.561
124,CAN,Canada,Northern America,2002,30889501.45,80733759.14
132,CPV,Cabo Verde,Sub-Saharan Africa,2002,114639.5148,549591.0594
136,CYM,Cayman Islands,Latin America and the Caribbean,2002,181330.953,975368.615
140,CAF,Central African Republic,Sub-Saharan Africa,2002,22864.449,88330.598
144,LKA,Sri Lanka,Central and Southern Asia,2002,2479662.968,11129844.1
148,TCD,Chad,Sub-Saharan Africa,2002,47074.927,216609.634
152,CHL,Chile,Latin America and the Caribbean,2002,4105296.361,22824012.67
156,CHN,China,China,2002,72992863.02,369917604.6
162,CXR,Christmas Islands,,2002,4944.1,18004.972
166,CCK,Cocos Islands,,2002,2527.735,6888.316
170,COL,Colombia,Latin America and the Caribbean,2002,2458766.455,10142829.45
174,COM,Comoros,Sub-Saharan Africa,2002,31301.121,197924.649
175,MYT,Mayotte,Sub-Saharan Africa,2002,44908.62321,129835.7671
178,COG,"Congo, Republic",Sub-Saharan Africa,2002,183058.616,761761.358
180,COD,"Congo, Democratic Republic",Sub-Saharan Africa,2002,261027.674,942994.535
184,COK,Cook Islands,Oceania (excl. Australia and New Zealand),2002,8236.358,19341.227
188,CRI,Costa Rica,Latin America and the Caribbean,2002,1225557.038,4681022.112
191,HRV,Croatia,Europe,2002,2691991.196,11108085.69
192,CUB,Cuba,Latin America and the Caribbean,2002,1723823.512,7458434.331
196,CYP,Cyprus,Northern Africa and Western Asia,2002,1870581.031,15758444.32
203,CZE,Czech Republic,Europe,2002,10298365.01,52348348.11
204,BEN,Benin,Sub-Saharan Africa,2002,408647.4177,1811670.232
208,DNK,Denmark,Europe,2002,9362318.906,38591394.36
212,DMA,Dominica,Latin America and the Caribbean,2002,38588.44233,129514.5062
214,DOM,Dominican Republic,Latin America and the Caribbean,2002,1790328.09,7866987.522
218,ECU,Ecuador,Latin America and the Caribbean,2002,1239808.761,2824394.138
222,SLV,El Salvador,Latin America and the Caribbean,2002,1237759.504,4809305.681
226,GNQ,Equatorial Guinea,Sub-Saharan Africa,2002,60361.224,273606.855
231,ETH,Ethiopia,Sub-Saharan Africa,2002,531991.1669,2194009.745
232,ERI,Eritrea,Sub-Saharan Africa,2002,59580.691,330681.584
233,EST,Estonia,Europe,2002,1954491.94,10538458.22
234,FRO,Faeroe Islands,Europe,2002,121003.2185,515012.7793
238,FLK,Falkland Islands (Malvinas),Latin America and the Caribbean,2002,14053.586,51362.851
239,SGS,South Georgia and the South Sandwich Islands,,2002,3898.189,73027.089
242,FJI,Fiji,Oceania (excl. Australia and New Zealand),2002,303619.6279,1115902.6
246,FIN,Finland,Europe,2002,7953395.655,51449333.61
251,FRA,France,Europe,2002,66603168.69,272509459
258,PYF,French Polynesia,Oceania (excl. Australia and New Zealand),2002,259981.92,725429.4836
260,ATF,French Southern Territories,,2002,2362.835,10208.026
262,DJI,Djibouti,Sub-Saharan Africa,2002,127581.803,613485.25
266,GAB,Gabon,Sub-Saharan Africa,2002,146827.5054,477978.9787
268,GEO,Georgia,Northern Africa and Western Asia,2002,376213.0126,2229834.938
270,GMB,Gambia,Sub-Saharan Africa,2002,139545.5945,761117.5194
275,PSE,State of Palestine,Northern Africa and Western Asia,2002,22560.093,220402.744
276,DEU,Germany,Europe,2002,104142444.3,428217410.1
288,GHA,Ghana,Sub-Saharan Africa,2002,848682.849,3198351.622
292,GIB,Gibraltar,Europe,2002,708476.698,3943930.483
296,KIR,Kiribati,Oceania (excl. Australia and New Zealand),2002,7586.356,28117.313
300,GRC,Greece,Europe,2002,9012052.083,35575348.25
304,GRL,Greenland,Northern America,2002,103084.917,296136.6748
308,GRD,Grenada,Latin America and the Caribbean,2002,59248.29193,212658.6004
316,GUM,Guam,Oceania (excl. Australia and New Zealand),2002,278436.574,1150734.196
320,GTM,Guatemala,Latin America and the Caribbean,2002,1781589.096,7654188.633
324,GIN,Guinea,Sub-Saharan Africa,2002,322902.7891,2045538.648
328,GUY,Guyana,Latin America and the Caribbean,2002,227774.4904,962260.4374
332,HTI,Haiti,Latin America and the Caribbean,2002,359657.44,1747347.668
334,HMD,Heard Island and McDonald Islands,,2002,93.684,90.776
336,VAT,Holy See,Europe,2002,6892.351,12682.457
340,HND,Honduras,Latin America and the Caribbean,2002,872559.2054,3031228.885
344,HKG,"China, Hong Kong SAR",China,2002,29462682.17,497454546.2
348,HUN,Hungary,Europe,2002,5910845.765,27321620.16
352,ISL,Iceland,Europe,2002,514341.4854,1995393.262
360,IDN,Indonesia,Eastern and South-Eastern Asia (excl. China),2002,14421670.8,73596813.06
364,IRN,Iran,Central and Southern Asia,2002,7550647.123,28167979.55
368,IRQ,Iraq,Northern Africa and Western Asia,2002,1214563.796,3747549.736
372,IRL,Ireland,Europe,2002,6254272.217,26863162.73
376,ISR,Israel,Northern Africa and Western Asia,2002,9862720.868,36664766.74
381,ITA,Italy,Europe,2002,76103479.31,275249994
384,CIV,Cote d'Ivoire,Sub-Saharan Africa,2002,1340421.88,7310937.038
388,JAM,Jamaica,Latin America and the Caribbean,2002,1092291.207,4730963.782
392,JPN,Japan,Eastern and South-Eastern Asia (excl. China),2002,124265380.8,735626888
398,KAZ,Kazakhstan,Central and Southern Asia,2002,1458421.292,18159012.21
400,JOR,Jordan,Northern Africa and Western Asia,2002,2151359.088,10349005.73
404,KEN,Kenya,Sub-Saharan Africa,2002,1244748.929,5156583.158
408,PRK,"Korea, Democratic People’s Republic",Eastern and South-Eastern Asia (excl. China),2002,823894.873,6279948.145
410,KOR,"Korea, Republic",Eastern and South-Eastern Asia (excl. China),2002,59861032.59,351154126.6
414,KWT,Kuwait,Northern Africa and Western Asia,2002,1337239.302,5894684
417,KGZ,Kyrgyzstan,Central and Southern Asia,2002,221995.3565,2619069.669
418,LAO,Lao PDR,Eastern and South-Eastern Asia (excl. China),2002,187408.706,850658.666
422,LBN,Lebanon,Northern Africa and Western Asia,2002,2425311.685,8506914.25
426,LSO,Lesotho,Sub-Saharan Africa,2002,2742.625,17331.623
428,LVA,Latvia,Europe,2002,1385511.965,7404547.406
430,LBR,Liberia,Sub-Saharan Africa,2002,83162.742,430344.145
434,LBY,Libya,Northern Africa and Western Asia,2002,1137772.618,6099286.886
440,LTU,Lithuania,Europe,2002,2595470.684,15515955.98
442,LUX,Luxembourg,Europe,2002,3025364.932,14532560.6
446,MAC,"China, Macao SAR",China,2002,558553.2038,56575210.92
450,MDG,Madagascar,Sub-Saharan Africa,2002,343754.6024,1286090.373
454,MWI,Malawi,Sub-Saharan Africa,2002,299645.4926,1109233.309
458,MYS,Malaysia,Eastern and South-Eastern Asia (excl. China),2002,15185719.08,112554015.3
462,MDV,Maldives,Central and Southern Asia,2002,146796.5017,797577.6087
466,MLI,Mali,Sub-Saharan Africa,2002,410623.882,1961552.441
470,MLT,Malta,Europe,2002,830037.026,4023408.73
473,,"Latin American Integration Association, nes",,2002,1229453.99,6590690.265
478,MRT,Mauritania,Sub-Saharan Africa,2002,331878.3938,2182325.051
480,MUS,Mauritius,Sub-Saharan Africa,2002,835850.1837,2777319.707
484,MEX,Mexico,Latin America and the Caribbean,2002,21661247.75,74449936.13
490,,"Other Asia, nes",,2002,44382767.98,262239775.6
496,MNG,Mongolia,Eastern and South-Eastern Asia (excl. China),2002,190066.346,960720.785
498,MDA,Moldova,Europe,2002,451515.1893,3227146.589
500,MSR,Montserrat,Latin America and the Caribbean,2002,5306.963,24051.521
504,MAR,Morocco,Northern Africa and Western Asia,2002,4536742.282,30155032.1
508,MOZ,Mozambique,Sub-Saharan Africa,2002,595645.8446,3487114.394
512,OMN,Oman,Northern Africa and Western Asia,2002,2715627.984,4207386.272
516,NAM,Namibia,Sub-Saharan Africa,2002,381881.5924,1597831.03
520,NRU,Nauru,Oceania (excl. Australia and New Zealand),2002,6076.101,13426.871
524,NPL,Nepal,Central and Southern Asia,2002,165362.526,768216.93
527,,"Oceania, nes",,2002,511176.695,2602734.399
528,NLD,Netherlands,Europe,2002,56529855.66,293202556.7
530,ANT,Netherlands Antilles,,2002,1024232.138,6993501.019
533,ABW,Aruba,Latin America and the Caribbean,2002,268436.885,980065.066
536,,Neutral Zone,,2002,9.083,6.475
540,NCL,New Caledonia,Oceania (excl. Australia and New Zealand),2002,239633.4353,1074187.176
548,VUT,Vanuatu,Oceania (excl. Australia and New Zealand),2002,11521.277,43257.831
554,NZL,New Zealand,Australia and New Zealand,2002,2928176.491,12254958.86
558,NIC,Nicaragua,Latin America and the Caribbean,2002,539069.6154,2291502.072
562,NER,Niger,Sub-Saharan Africa,2002,201978.6785,809699.8604
566,NGA,Nigeria,Sub-Saharan Africa,2002,3312938.074,16826033.52
568,,"Other Europe, nes",,2002,14218076.69,70080016.9
570,NIU,Niue,Oceania (excl. Australia and New Zealand),2002,571.629,814.708
574,NFK,Norfolk Islands,Australia and New Zealand,2002,4725.516,9503.668
577,,"Other Africa, nes",,2002,2779150.507,14128046.24
579,NOR,Norway,Europe,2002,5875926.82,21731430.4
580,MNP,Northern Mariana Islands,Oceania (excl. Australia and New Zealand),2002,59092.757,762904.557
581,UMI,United States Minor Outlying Islands,,2002,3007.608,1722.902
583,FSM,Micronesia,Oceania (excl. Australia and New Zealand),2002,32689.7141,141417.011
584,MHL,Marshall Islands,Oceania (excl. Australia and New Zealand),2002,16149.718,71565.769
585,PLW,Palau,Oceania (excl. Australia and New Zealand),2002,9458.628,34885.727
586,PAK,Pakistan,Central and Southern Asia,2002,2198880.683,9064388.543
591,PAN,Panama,Latin America and the Caribbean,2002,1356441.344,6974311.246
598,PNG,Papua New Guinea,Oceania (excl. Australia and New Zealand),2002,333388.5063,2430498.07
600,PRY,Paraguay,Latin America and the Caribbean,2002,454693.5572,2148449.383
604,PER,Peru,Latin America and the Caribbean,2002,2434596.632,12176775.63
608,PHL,Philippines,Eastern and South-Eastern Asia (excl. China),2002,8356409.164,44634417.93
612,PCN,Pitcairn,Oceania (excl. Australia and New Zealand),2002,2472.718,3213.081
616,POL,Poland,Europe,2002,11824080.21,61281029.96
620,PRT,Portugal,Europe,2002,11692999.76,45503288.94
624,GNB,Guinea-Bissau,Sub-Saharan Africa,2002,25901.93,163110
626,TLS,Timor-Leste,Eastern and South-Eastern Asia (excl. China),2002,37149.758,149002.757
634,QAT,Qatar,Northern Africa and Western Asia,2002,820806.4246,5529003.396
637,,"North America and Central America, nes",,2002,14144663.06,67980440.4
642,ROU,Romania,Europe,2002,4364631.022,23974670.23
643,RUS,Russian Federation,Europe,2002,11815458.22,80454431.03
646,RWA,Rwanda,Sub-Saharan Africa,2002,107638.48,285771.2608
654,SHN,Saint Helena,Sub-Saharan Africa,2002,12846.055,47916.434
659,KNA,Saint Kitts and Nevis,Latin America and the Caribbean,2002,54436.89553,197231.5592
660,AIA,Anguilla,Latin America and the Caribbean,2002,11265.818,68268.734
662,LCA,Saint Lucia,Latin America and the Caribbean,2002,334989.6705,2057471.552
666,SPM,Saint Pierre and Miquelon,Northern America,2002,2349.942,4579.6
670,VCT,Saint Vincent and the Grenadines,Latin America and the Caribbean,2002,82000.91101,375971.5166
674,SMR,San Marino,Europe,2002,21530.766,18308.617
678,STP,Sao Tome and Principe,Sub-Saharan Africa,2002,17145.07052,70036.96477
682,SAU,Saudi Arabia,Northern Africa and Western Asia,2002,7817985.706,24677104.51
686,SEN,Senegal,Sub-Saharan Africa,2002,956658.7237,4888644.131
690,SYC,Seychelles,Sub-Saharan Africa,2002,253837.533,413079.6502
694,SLE,Sierra Leone,Sub-Saharan Africa,2002,106551.084,410222.58
699,IND,India,Central and Southern Asia,2002,40736190.13,179696043.6
702,SGP,Singapore,Eastern and South-Eastern Asia (excl. China),2002,24191161.19,180499583
703,SVK,Slovakia,Europe,2002,4199097.599,28353350.52
704,VNM,Vietnam,Eastern and South-Eastern Asia (excl. China),2002,5905687.457,25111852.54
705,SVN,Slovenia,Europe,2002,2681057.356,10620946.57
706,SOM,Somalia,Sub-Saharan Africa,2002,105372.427,604382.016
710,ZAF,South Africa,Sub-Saharan Africa,2002,7075353.712,33847590.32
716,ZWE,Zimbabwe,Sub-Saharan Africa,2002,746733.0719,2142315.919
724,ESP,Spain,Europe,2002,43211152.59,205234995.8
732,ESH,Western Sahara,Northern Africa and Western Asia,2002,102.337,69.032
736,SDN,Former Sudan,,2002,872951.1467,4319905.498
740,SUR,Suriname,Latin America and the Caribbean,2002,91199.72,592241.738
748,SWZ,Eswatini,Sub-Saharan Africa,2002,298613.8213,1789349.836
752,SWE,Sweden,Europe,2002,13862276.22,58599300.65
757,CHE,Switzerland,Europe,2002,22147106,55311295.72
760,SYR,Syria,Northern Africa and Western Asia,2002,4168177.82,8035673.636
762,TJK,Tajikistan,Central and Southern Asia,2002,115906.501,914468.449
764,THA,Thailand,Eastern and South-Eastern Asia (excl. China),2002,18864629.05,75405304.61
768,TGO,Togo,Sub-Saharan Africa,2002,279097.7308,2083893.386
772,TKL,Tokelau,Oceania (excl. Australia and New Zealand),2002,10205.131,105018.626
776,TON,Tonga,Oceania (excl. Australia and New Zealand),2002,20566.225,68876.335
780,TTO,Trinidad and Tobago,Latin America and the Caribbean,2002,1338390.045,9376845.987
784,ARE,United Arab Emirates,Northern Africa and Western Asia,2002,6888770.757,28427046.29
788,TUN,Tunisia,Northern Africa and Western Asia,2002,2573696.771,15545228.29
792,TUR,Turkey,Northern Africa and Western Asia,2002,16896999.76,89129930.14
795,TKM,Turkmenistan,Central and Southern Asia,2002,102412.818,523822.065
796,TCA,Turks and Caicos Islands,Latin America and the Caribbean,2002,10997.377,56133.91
798,TUV,Tuvalu,Oceania (excl. Australia and New Zealand),2002,82271.569,1037446.995
800,UGA,Uganda,Sub-Saharan Africa,2002,400786.1419,1467037.559
804,UKR,Ukraine,Europe,2002,8550420.703,80087453.89
807,MKD,North Macedonia,Europe,2002,661553.8239,2941233.611
818,EGY,Egypt,Northern Africa and Western Asia,2002,5009327.783,28688142.14
826,GBR,United Kingdom,Europe,2002,65710340.76,191022962.6
834,TZA,Tanzania,Sub-Saharan Africa,2002,602879.2769,2524378.985
837,,Bunkers,,2002,3117699.702,17268035.16
838,,Free Zones,,2002,340143.482,1735091.742
839,,Special Categories,,2002,3889245.712,19504944.42
842,USA,United States,Northern America,2002,220364242.4,854504822.1
854,BFA,Burkina Faso,Sub-Saharan Africa,2002,321532.5459,1496168.31
858,URY,Uruguay,Latin America and the Caribbean,2002,811155.9588,3359027.136
860,UZB,Uzbekistan,Central and Southern Asia,2002,313050.642,2367244.147
862,VEN,Venezuela,Latin America and the Caribbean,2002,2126379.152,8800346.956
876,WLF,Wallis and Futuna Islands,Oceania (excl. Australia and New Zealand),2002,6482.179,21859.489
882,WSM,Samoa,Oceania (excl. Australia and New Zealand),2002,56358.43894,312702.1099
887,YEM,Yemen,Northern Africa and Western Asia,2002,842532.505,4452247.033
891,SCG,Serbia and Montenegro,,2002,1760981.512,8146917.865
894,ZMB,Zambia,Sub-Saharan Africa,2002,312964.7659,1216992.807
899,,"Areas, nes",,2002,36577542.14,222615283.8
4,AFG,Afghanistan,Central and Southern Asia,2003,495925.222,2521309.896
8,ALB,Albania,Europe,2003,594690.508,3150734.018
10,ATA,Antarctica,,2003,693.348,1179.104
12,DZA,Algeria,Northern Africa and Western Asia,2003,4532894.309,18577067.21
16,ASM,American Samoa,Oceania (excl. Australia and New Zealand),2003,78577.894,170985.045
20,AND,Andorra,Europe,2003,231351.9318,1394441.191
24,AGO,Angola,Sub-Saharan Africa,2003,769340.631,2162981.394
28,ATG,Antigua and Barbuda,Latin America and the Caribbean,2003,90054.703,235171.125
31,AZE,Azerbaijan,Northern Africa and Western Asia,2003,743150.3598,5588017.076
32,ARG,Argentina,Latin America and the Caribbean,2003,2002346.879,12287578.92
36,AUS,Australia,Australia and New Zealand,2003,15159956.92,51739727.54
40,AUT,Austria,Europe,2003,17393225.31,64569904.2
44,BHS,Bahamas,Latin America and the Caribbean,2003,1110754.801,4702284.826
48,BHR,Bahrain,Northern Africa and Western Asia,2003,879578.1387,9721354.283
50,BGD,Bangladesh,Central and Southern Asia,2003,4483001.561,21123047.51
51,ARM,Armenia,Northern Africa and Western Asia,2003,618427.8171,1757481.825
52,BRB,Barbados,Latin America and the Caribbean,2003,299046.8285,867231.155
56,BEL,Belgium,Europe,2003,53460464.91,173930985.1
60,BMU,Bermuda,Northern America,2003,135929.108,532760.405
64,BTN,Bhutan,Central and Southern Asia,2003,32241.299,180097.838
68,BOL,Bolivia,Latin America and the Caribbean,2003,367433.4594,1355653.087
70,BIH,Bosnia Herzegovina,Europe,2003,1102395.483,3799572.182
72,BWA,Botswana,Sub-Saharan Africa,2003,645262.4239,1322379.002
74,BVT,Bouvet Island,,2003,14.395,0.1
76,BRA,Brazil,Latin America and the Caribbean,2003,15394933.15,89990270.32
84,BLZ,Belize,Latin America and the Caribbean,2003,161627.9283,863465.5915
86,IOT,British Indian Ocean Territory,,2003,1330.171,962.013
90,SLB,Solomon Islands,Oceania (excl. Australia and New Zealand),2003,40261.704,314869.069
92,VGB,British Virgin Islands,Latin America and the Caribbean,2003,2583974.387,13893165.65
96,BRN,Brunei Darussalam,Eastern and South-Eastern Asia (excl. China),2003,188381.4043,721362.1392
100,BGR,Bulgaria,Europe,2003,2214444.711,13068251.63
104,MMR,Myanmar,Eastern and South-Eastern Asia (excl. China),2003,690752.06,2099573.655
108,BDI,Burundi,Sub-Saharan Africa,2003,66726.59406,193458.134
112,BLR,Belarus,Europe,2003,3038736.604,12309459.1
116,KHM,Cambodia,Eastern and South-Eastern Asia (excl. China),2003,517123.7563,2629872.415
120,CMR,Cameroon,Sub-Saharan Africa,2003,721976.3898,3018851.966
124,CAN,Canada,Northern America,2003,35599256.42,116866923.6
132,CPV,Cabo Verde,Sub-Saharan Africa,2003,144556.9131,584687.2064
136,CYM,Cayman Islands,Latin America and the Caribbean,2003,206037.401,1064150.197
140,CAF,Central African Republic,Sub-Saharan Africa,2003,19782.042,64490.926
144,LKA,Sri Lanka,Central and Southern Asia,2003,2571017.302,10020234.09
148,TCD,Chad,Sub-Saharan Africa,2003,67952.727,225714.907
152,CHL,Chile,Latin America and the Caribbean,2003,5586277.667,26793883.72
156,CHN,China,China,2003,109040637.8,493555277.8
162,CXR,Christmas Islands,,2003,3444.255,10492.473
166,CCK,Cocos Islands,,2003,3470.952,7897.207
170,COL,Colombia,Latin America and the Caribbean,2003,2703386.82,10012816.44
174,COM,Comoros,Sub-Saharan Africa,2003,35446.837,140910.257
175,MYT,Mayotte,Sub-Saharan Africa,2003,60134.99801,168277.3745
178,COG,"Congo, Republic",Sub-Saharan Africa,2003,234494.814,796058.072
180,COD,"Congo, Democratic Republic",Sub-Saharan Africa,2003,308433.029,1001863.701
184,COK,Cook Islands,Oceania (excl. Australia and New Zealand),2003,10579.267,22435.868
188,CRI,Costa Rica,Latin America and the Caribbean,2003,1471110.797,5302115.922
191,HRV,Croatia,Europe,2003,3272199.215,12681989.45
192,CUB,Cuba,Latin America and the Caribbean,2003,2123793.071,7305662.981
196,CYP,Cyprus,Northern Africa and Western Asia,2003,3799133.969,26770574.94
203,CZE,Czech Republic,Europe,2003,9737679.149,40869026.91
204,BEN,Benin,Sub-Saharan Africa,2003,434376.1222,2061816.351
208,DNK,Denmark,Europe,2003,11233725.71,38696992.62
212,DMA,Dominica,Latin America and the Caribbean,2003,51378.52167,146707.1847
214,DOM,Dominican Republic,Latin America and the Caribbean,2003,1701339.345,8461420.017
218,ECU,Ecuador,Latin America and the Caribbean,2003,1543905.454,5029047.851
222,SLV,El Salvador,Latin America and the Caribbean,2003,1413779.988,4697562.235
226,GNQ,Equatorial Guinea,Sub-Saharan Africa,2003,80559.491,287061.16
231,ETH,Ethiopia,Sub-Saharan Africa,2003,686410.1016,2869456.564
232,ERI,Eritrea,Sub-Saharan Africa,2003,247256.4689,1066782.235
233,EST,Estonia,Europe,2003,2476017.124,10655008.92
234,FRO,Faeroe Islands,Europe,2003,135139.1923,537760.7997
238,FLK,Falkland Islands (Malvinas),Latin America and the Caribbean,2003,16792.452,48129.072
239,SGS,South Georgia and the South Sandwich Islands,,2003,826.811,1217.784
242,FJI,Fiji,Oceania (excl. Australia and New Zealand),2003,377516.5722,1022991.564
246,FIN,Finland,Europe,2003,10510983.27,58946015.91
251,FRA,France,Europe,2003,79925853.37,281766343
258,PYF,French Polynesia,Oceania (excl. Australia and New Zealand),2003,315312.5044,715643.5476
260,ATF,French Southern Territories,,2003,4288.394,8704.78
262,DJI,Djibouti,Sub-Saharan Africa,2003,117683.665,321169.639
266,GAB,Gabon,Sub-Saharan Africa,2003,175267.8726,499360.8641
268,GEO,Georgia,Northern Africa and Western Asia,2003,563373.0828,2939141.147
270,GMB,Gambia,Sub-Saharan Africa,2003,164372.3732,821341.9178
275,PSE,State of Palestine,Northern Africa and Western Asia,2003,20501.556,129547.767
276,DEU,Germany,Europe,2003,126685946.4,434478202.8
288,GHA,Ghana,Sub-Saharan Africa,2003,1482482.812,5236537.944
292,GIB,Gibraltar,Europe,2003,988637.746,5149905.143
296,KIR,Kiribati,Oceania (excl. Australia and New Zealand),2003,6893.472,22181.929
300,GRC,Greece,Europe,2003,11841906.58,38198709.27
304,GRL,Greenland,Northern America,2003,109664.7999,206012.1312
308,GRD,Grenada,Latin America and the Caribbean,2003,70074.36028,233520.639
316,GUM,Guam,Oceania (excl. Australia and New Zealand),2003,295307.798,1108873.145
320,GTM,Guatemala,Latin America and the Caribbean,2003,2198582.001,8037367.238
324,GIN,Guinea,Sub-Saharan Africa,2003,234899.214,1696223.527
328,GUY,Guyana,Latin America and the Caribbean,2003,241471.2554,821811.6138
332,HTI,Haiti,Latin America and the Caribbean,2003,438402.408,1708092.036
334,HMD,Heard Island and McDonald Islands,,2003,484.689,1173.634
336,VAT,Holy See,Europe,2003,13288.899,22078.232
340,HND,Honduras,Latin America and the Caribbean,2003,1179531.462,3518558.97
344,HKG,"China, Hong Kong SAR",China,2003,34029731.43,409029191.7
348,HUN,Hungary,Europe,2003,7379129.822,29164384.2
352,ISL,Iceland,Europe,2003,542257.0082,2082660.121
360,IDN,Indonesia,Eastern and South-Eastern Asia (excl. China),2003,16044374.63,62763315.69
364,IRN,Iran,Central and Southern Asia,2003,8951179.837,34848581.06
368,IRQ,Iraq,Northern Africa and Western Asia,2003,1189751.63,4006767.402
372,IRL,Ireland,Europe,2003,7971753.672,30407471.56
376,ISR,Israel,Northern Africa and Western Asia,2003,11233108.98,30488356.84
381,ITA,Italy,Europe,2003,90307833.93,300202643.5
384,CIV,Cote d'Ivoire,Sub-Saharan Africa,2003,1521146.638,6479635.892
388,JAM,Jamaica,Latin America and the Caribbean,2003,1286466.938,5209894.333
392,JPN,Japan,Eastern and South-Eastern Asia (excl. China),2003,147757100.9,764649633.2
398,KAZ,Kazakhstan,Central and Southern Asia,2003,1879136.712,25457736.99
400,JOR,Jordan,Northern Africa and Western Asia,2003,2636635.55,10002349.53
404,KEN,Kenya,Sub-Saharan Africa,2003,1735287.955,6324845.875
408,PRK,"Korea, Democratic People’s Republic",Eastern and South-Eastern Asia (excl. China),2003,806712.016,3760864.008
410,KOR,"Korea, Republic",Eastern and South-Eastern Asia (excl. China),2003,70674022.87,358034417.9
414,KWT,Kuwait,Northern Africa and Western Asia,2003,1548510.637,5282673.092
417,KGZ,Kyrgyzstan,Central and Southern Asia,2003,261314.6462,3293086.121
418,LAO,Lao PDR,Eastern and South-Eastern Asia (excl. China),2003,195948.924,697682.661
422,LBN,Lebanon,Northern Africa and Western Asia,2003,2889796.22,10125389.43
426,LSO,Lesotho,Sub-Saharan Africa,2003,12451.704,127340.745
428,LVA,Latvia,Europe,2003,1678243.533,7731725.628
430,LBR,Liberia,Sub-Saharan Africa,2003,89634.644,410458.374
434,LBY,Libya,Northern Africa and Western Asia,2003,1322665.97,6005834.489
440,LTU,Lithuania,Europe,2003,3170915.64,16367885.37
442,LUX,Luxembourg,Europe,2003,3754421.653,15070782.17
446,MAC,"China, Macao SAR",China,2003,600997.2814,58859652.9
450,MDG,Madagascar,Sub-Saharan Africa,2003,511254.0321,1643062.985
454,MWI,Malawi,Sub-Saharan Africa,2003,267629.1584,920352.1935
458,MYS,Malaysia,Eastern and South-Eastern Asia (excl. China),2003,14869940.73,46541417.62
462,MDV,Maldives,Central and Southern Asia,2003,171215.5282,689893.3114
466,MLI,Mali,Sub-Saharan Africa,2003,563557.5508,2074858.55
470,MLT,Malta,Europe,2003,977212.622,4295014.767
473,,"Latin American Integration Association, nes",,2003,1926059.547,9026325.1
478,MRT,Mauritania,Sub-Saharan Africa,2003,348934.2917,2223691.326
480,MUS,Mauritius,Sub-Saharan Africa,2003,938724.0638,2383470.73
484,MEX,Mexico,Latin America and the Caribbean,2003,23239808.56,76158607.49
490,,"Other Asia, nes",,2003,54553005.49,294320799.3
496,MNG,Mongolia,Eastern and South-Eastern Asia (excl. China),2003,253779.7494,1033720.296
498,MDA,Moldova,Europe,2003,646683.4798,4224323.964
500,MSR,Montserrat,Latin America and the Caribbean,2003,11429.182,53511.308
504,MAR,Morocco,Northern Africa and Western Asia,2003,4885902.341,26259470.47
508,MOZ,Mozambique,Sub-Saharan Africa,2003,791778.7884,3831828.187
512,OMN,Oman,Northern Africa and Western Asia,2003,4081249.8,13167726.89
516,NAM,Namibia,Sub-Saharan Africa,2003,405250.5639,1183081.604
520,NRU,Nauru,Oceania (excl. Australia and New Zealand),2003,7726.454,89315.747
524,NPL,Nepal,Central and Southern Asia,2003,722969.2441,3963824.409
527,,"Oceania, nes",,2003,285294.678,1323621.566
528,NLD,Netherlands,Europe,2003,67410467.29,302037385.3
530,ANT,Netherlands Antilles,,2003,979391.493,5689553.088
533,ABW,Aruba,Latin America and the Caribbean,2003,900546.823,3867746.992
540,NCL,New Caledonia,Oceania (excl. Australia and New Zealand),2003,314496.832,1141822.646
548,VUT,Vanuatu,Oceania (excl. Australia and New Zealand),2003,18521.217,79287.9
554,NZL,New Zealand,Australia and New Zealand,2003,3509275.626,13033588.86
558,NIC,Nicaragua,Latin America and the Caribbean,2003,638331.6979,2356589.669
562,NER,Niger,Sub-Saharan Africa,2003,260234.1439,764940.157
566,NGA,Nigeria,Sub-Saharan Africa,2003,6097124.162,20115847.49
568,,"Other Europe, nes",,2003,18777873.19,87417055.19
570,NIU,Niue,Oceania (excl. Australia and New Zealand),2003,670.203,987.142
574,NFK,Norfolk Islands,Australia and New Zealand,2003,9467.183,30306.486
577,,"Other Africa, nes",,2003,4204849.094,18942864.74
579,NOR,Norway,Europe,2003,6938151.518,20798565.63
580,MNP,Northern Mariana Islands,Oceania (excl. Australia and New Zealand),2003,52887.522,181571.738
581,UMI,United States Minor Outlying Islands,,2003,18151.384,88053.518
583,FSM,Micronesia,Oceania (excl. Australia and New Zealand),2003,37078.66471,94790.7592
584,MHL,Marshall Islands,Oceania (excl. Australia and New Zealand),2003,45405.535,218811.939
585,PLW,Palau,Oceania (excl. Australia and New Zealand),2003,4836.323,15890.767
586,PAK,Pakistan,Central and Southern Asia,2003,6512209.823,26634040.58
591,PAN,Panama,Latin America and the Caribbean,2003,1647228.308,6864092.259
598,PNG,Papua New Guinea,Oceania (excl. Australia and New Zealand),2003,508012.5613,2271015.07
600,PRY,Paraguay,Latin America and the Caribbean,2003,613623.7764,2592649.91
604,PER,Peru,Latin America and the Caribbean,2003,2810632.984,12561817.47
608,PHL,Philippines,Eastern and South-Eastern Asia (excl. China),2003,9322652.656,42942305.19
612,PCN,Pitcairn,Oceania (excl. Australia and New Zealand),2003,1204.79,1043.467
616,POL,Poland,Europe,2003,14445771.74,64688754.34
620,PRT,Portugal,Europe,2003,13752661.94,44011267.14
624,GNB,Guinea-Bissau,Sub-Saharan Africa,2003,54992.55563,295561.3821
626,TLS,Timor-Leste,Eastern and South-Eastern Asia (excl. China),2003,43943.896,139286.659
634,QAT,Qatar,Northern Africa and Western Asia,2003,710682.1511,3430990.225
637,,"North America and Central America, nes",,2003,17338190.4,81719744.89
642,ROU,Romania,Europe,2003,5109855.452,27643464.19
643,RUS,Russian Federation,Europe,2003,14446904.1,78578887.72
646,RWA,Rwanda,Sub-Saharan Africa,2003,123582.771,329251.0429
654,SHN,Saint Helena,Sub-Saharan Africa,2003,13910.032,39768.628
659,KNA,Saint Kitts and Nevis,Latin America and the Caribbean,2003,67043.3778,203127.145
660,AIA,Anguilla,Latin America and the Caribbean,2003,10407.98,56405.778
662,LCA,Saint Lucia,Latin America and the Caribbean,2003,118402.685,356040.7194
666,SPM,Saint Pierre and Miquelon,Northern America,2003,4538.53,6564.759
670,VCT,Saint Vincent and the Grenadines,Latin America and the Caribbean,2003,69794.86063,330830.0621
674,SMR,San Marino,Europe,2003,37195.506,37725.363
678,STP,Sao Tome and Principe,Sub-Saharan Africa,2003,20651.6643,84076.24315
682,SAU,Saudi Arabia,Northern Africa and Western Asia,2003,9733958.104,27904876.57
686,SEN,Senegal,Sub-Saharan Africa,2003,1296187.469,5513930.306
690,SYC,Seychelles,Sub-Saharan Africa,2003,125529.357,220192.779
694,SLE,Sierra Leone,Sub-Saharan Africa,2003,91657.669,339831.536
699,IND,India,Central and Southern Asia,2003,48973313.95,187886058.4
702,SGP,Singapore,Eastern and South-Eastern Asia (excl. China),2003,26036690.27,123538695.3
703,SVK,Slovakia,Europe,2003,5058511.067,29276255.06
704,VNM,Vietnam,Eastern and South-Eastern Asia (excl. China),2003,7298183.125,28228288.62
705,SVN,Slovenia,Europe,2003,3411559.543,11334109.81
706,SOM,Somalia,Sub-Saharan Africa,2003,100780.012,481496.274
710,ZAF,South Africa,Sub-Saharan Africa,2003,8499863.725,33711734.69
716,ZWE,Zimbabwe,Sub-Saharan Africa,2003,552908.0228,2906027.742
724,ESP,Spain,Europe,2003,53368092.96,216395395.5
732,ESH,Western Sahara,Northern Africa and Western Asia,2003,22.118,68.172
736,SDN,Former Sudan,,2003,824074.5337,3622930.473
740,SUR,Suriname,Latin America and the Caribbean,2003,144047.399,685819.549
748,SWZ,Eswatini,Sub-Saharan Africa,2003,345005.7308,1268055.063
752,SWE,Sweden,Europe,2003,17408232.93,60526454.61
757,CHE,Switzerland,Europe,2003,26025723.33,54671970.86
760,SYR,Syria,Northern Africa and Western Asia,2003,5763616.343,10581837.68
762,TJK,Tajikistan,Central and Southern Asia,2003,204129.686,1042630.165
764,THA,Thailand,Eastern and South-Eastern Asia (excl. China),2003,22176210.86,76858393.24
768,TGO,Togo,Sub-Saharan Africa,2003,513225.9381,2557303.468
772,TKL,Tokelau,Oceania (excl. Australia and New Zealand),2003,12519.593,103773.358
776,TON,Tonga,Oceania (excl. Australia and New Zealand),2003,18394.38,57686.941
780,TTO,Trinidad and Tobago,Latin America and the Caribbean,2003,1512786.725,8967691.264
784,ARE,United Arab Emirates,Northern Africa and Western Asia,2003,7322148.891,23785279.15
788,TUN,Tunisia,Northern Africa and Western Asia,2003,3120738.142,15283222.82
792,TUR,Turkey,Northern Africa and Western Asia,2003,22741633.51,101244815.3
795,TKM,Turkmenistan,Central and Southern Asia,2003,153979.011,625971.811
796,TCA,Turks and Caicos Islands,Latin America and the Caribbean,2003,20314.746,72271.954
798,TUV,Tuvalu,Oceania (excl. Australia and New Zealand),2003,6015.53,28277.97
800,UGA,Uganda,Sub-Saharan Africa,2003,523228.1499,1696935.281
804,UKR,Ukraine,Europe,2003,10812169.2,96915056.47
807,MKD,North Macedonia,Europe,2003,816224.4768,3378206.308
818,EGY,Egypt,Northern Africa and Western Asia,2003,5440830.77,25808260.91
826,GBR,United Kingdom,Europe,2003,80392588.27,207925073.2
834,TZA,Tanzania,Sub-Saharan Africa,2003,986271.9566,3363001.883
837,,Bunkers,,2003,4904989.47,25483107.51
838,,Free Zones,,2003,350231.165,1490714.943
839,,Special Categories,,2003,5373705.572,21449749.12
842,USA,United States,Northern America,2003,261333757.7,937458406.3
854,BFA,Burkina Faso,Sub-Saharan Africa,2003,395908.6318,1762072.868
858,URY,Uruguay,Latin America and the Caribbean,2003,1173435.714,4815936.387
860,UZB,Uzbekistan,Central and Southern Asia,2003,339313.562,1454114.413
862,VEN,Venezuela,Latin America and the Caribbean,2003,1916241.014,7083882.223
876,WLF,Wallis and Futuna Islands,Oceania (excl. Australia and New Zealand),2003,15399.954,48147.438
882,WSM,Samoa,Oceania (excl. Australia and New Zealand),2003,68638.12494,312561.8016
887,YEM,Yemen,Northern Africa and Western Asia,2003,935579.761,3579325.525
891,SCG,Serbia and Montenegro,,2003,1162061.592,5003176.729
894,ZMB,Zambia,Sub-Saharan Africa,2003,406054.3012,1208563.229
899,,"Areas, nes",,2003,44498270.55,230058205.7
4,AFG,Afghanistan,Central and Southern Asia,2004,567920.133,2992711.092
8,ALB,Albania,Europe,2004,737397.9145,3181758.836
10,ATA,Antarctica,,2004,2313.724,4662.748
12,DZA,Algeria,Northern Africa and Western Asia,2004,5741733.99,18977313.75
16,ASM,American Samoa,Oceania (excl. Australia and New Zealand),2004,77574.154,106820.141
20,AND,Andorra,Europe,2004,273824.9305,1479833.947
24,AGO,Angola,Sub-Saharan Africa,2004,900384.066,2718098.324
28,ATG,Antigua and Barbuda,Latin America and the Caribbean,2004,106276.77,286581.188
31,AZE,Azerbaijan,Northern Africa and Western Asia,2004,1095242.213,8513440.258
32,ARG,Argentina,Latin America and the Caribbean,2004,3248776.863,16551810.92
36,AUS,Australia,Australia and New Zealand,2004,19240140.9,72243472.43
40,AUT,Austria,Europe,2004,22257792.02,67948936.84
44,BHS,Bahamas,Latin America and the Caribbean,2004,1307471.359,4272325.639
48,BHR,Bahrain,Northern Africa and Western Asia,2004,3774249.162,20069548.28
50,BGD,Bangladesh,Central and Southern Asia,2004,4658338.902,21418293.2
51,ARM,Armenia,Northern Africa and Western Asia,2004,696724.8725,2600031.562
52,BRB,Barbados,Latin America and the Caribbean,2004,346426.2934,1155854.097
56,BEL,Belgium,Europe,2004,69624811.44,195094543.1
60,BMU,Bermuda,Northern America,2004,97856.704,311798.496
64,BTN,Bhutan,Central and Southern Asia,2004,32222.863,133081.416
68,BOL,Bolivia,Latin America and the Caribbean,2004,408123.6357,1207374.553
70,BIH,Bosnia Herzegovina,Europe,2004,1612234.774,5240238.255
72,BWA,Botswana,Sub-Saharan Africa,2004,767172.0071,1968847.305
74,BVT,Bouvet Island,,2004,,
76,BRA,Brazil,Latin America and the Caribbean,2004,21071356.49,98132860.28
84,BLZ,Belize,Latin America and the Caribbean,2004,175712.9675,463273.5458
86,IOT,British Indian Ocean Territory,,2004,1606.309,1315.6
90,SLB,Solomon Islands,Oceania (excl. Australia and New Zealand),2004,38967.335,105747.503
92,VGB,British Virgin Islands,Latin America and the Caribbean,2004,2806615.912,13391605.33
96,BRN,Brunei Darussalam,Eastern and South-Eastern Asia (excl. China),2004,250938.5266,978056.9459
100,BGR,Bulgaria,Europe,2004,3740452.053,16559778.25
104,MMR,Myanmar,Eastern and South-Eastern Asia (excl. China),2004,1101799.245,2753798.849
108,BDI,Burundi,Sub-Saharan Africa,2004,89082.43372,260179.2574
112,BLR,Belarus,Europe,2004,7412011.205,40991523.53
116,KHM,Cambodia,Eastern and South-Eastern Asia (excl. China),2004,615103.1925,3529921.48
120,CMR,Cameroon,Sub-Saharan Africa,2004,936107.1246,3585937.801
124,CAN,Canada,Northern America,2004,46925414.05,138916681.2
132,CPV,Cabo Verde,Sub-Saharan Africa,2004,157588.8653,553681.8587
136,CYM,Cayman Islands,Latin America and the Caribbean,2004,317751.27,1295175.975
140,CAF,Central African Republic,Sub-Saharan Africa,2004,24696.602,80796.589
144,LKA,Sri Lanka,Central and Southern Asia,2004,3362977.368,11046334.41
148,TCD,Chad,Sub-Saharan Africa,2004,55081.025,139524.798
152,CHL,Chile,Latin America and the Caribbean,2004,7971763.955,30539830.46
156,CHN,China,China,2004,150376276.4,597824014.3
162,CXR,Christmas Islands,,2004,5071.123,78388.216
166,CCK,Cocos Islands,,2004,2346.181,8838.846
170,COL,Colombia,Latin America and the Caribbean,2004,3614786.316,10835010.34
174,COM,Comoros,Sub-Saharan Africa,2004,36530.924,125566.355
175,MYT,Mayotte,Sub-Saharan Africa,2004,84525.14395,198252.5411
178,COG,"Congo, Republic",Sub-Saharan Africa,2004,228004.554,703793.652
180,COD,"Congo, Democratic Republic",Sub-Saharan Africa,2004,515692.134,1269988.899
184,COK,Cook Islands,Oceania (excl. Australia and New Zealand),2004,13968.186,17718.728
188,CRI,Costa Rica,Latin America and the Caribbean,2004,1833795.693,4843324.141
191,HRV,Croatia,Europe,2004,4232493.461,15768545.1
192,CUB,Cuba,Latin America and the Caribbean,2004,2523748.535,7565322.519
196,CYP,Cyprus,Northern Africa and Western Asia,2004,4975924.31,28776010.31
203,CZE,Czech Republic,Europe,2004,12967983.77,41798445.15
204,BEN,Benin,Sub-Saharan Africa,2004,510749.9202,2074994.009
208,DNK,Denmark,Europe,2004,13907086.69,40999058.29
212,DMA,Dominica,Latin America and the Caribbean,2004,60884.78888,177518.792
214,DOM,Dominican Republic,Latin America and the Caribbean,2004,2307720.998,7484450.723
218,ECU,Ecuador,Latin America and the Caribbean,2004,2008798.49,5428519.012
222,SLV,El Salvador,Latin America and the Caribbean,2004,1638438.029,4655655.495
226,GNQ,Equatorial Guinea,Sub-Saharan Africa,2004,128504.916,437471.699
231,ETH,Ethiopia,Sub-Saharan Africa,2004,1042613.266,3155637.917
232,ERI,Eritrea,Sub-Saharan Africa,2004,84551.93,436828.901
233,EST,Estonia,Europe,2004,2617814.997,10187074.78
234,FRO,Faeroe Islands,Europe,2004,184945.176,584622.8913
238,FLK,Falkland Islands (Malvinas),Latin America and the Caribbean,2004,8604.18,17336.441
239,SGS,South Georgia and the South Sandwich Islands,,2004,164.971,5573.35
242,FJI,Fiji,Oceania (excl. Australia and New Zealand),2004,495307.8425,1202397.762
246,FIN,Finland,Europe,2004,13853572.04,57335222.83
251,FRA,France,Europe,2004,101300642.8,303083730.7
258,PYF,French Polynesia,Oceania (excl. Australia and New Zealand),2004,379604.571,722741.9639
260,ATF,French Southern Territories,,2004,5569.356,12267.812
262,DJI,Djibouti,Sub-Saharan Africa,2004,186550.207,378672.622
266,GAB,Gabon,Sub-Saharan Africa,2004,256368.2019,526978.9852
268,GEO,Georgia,Northern Africa and Western Asia,2004,849037.375,3948982.399
270,GMB,Gambia,Sub-Saharan Africa,2004,213112.2515,889132.6501
275,PSE,State of Palestine,Northern Africa and Western Asia,2004,21219.087,136432.138
276,DEU,Germany,Europe,2004,155735035.7,450023451.1
288,GHA,Ghana,Sub-Saharan Africa,2004,986710.567,4293709.405
292,GIB,Gibraltar,Europe,2004,2015796.573,8590899.001
296,KIR,Kiribati,Oceania (excl. Australia and New Zealand),2004,23252.13507,41493.85158
300,GRC,Greece,Europe,2004,14650037.78,39773549.05
304,GRL,Greenland,Northern America,2004,149636.3088,245763.7013
308,GRD,Grenada,Latin America and the Caribbean,2004,70851.55304,173440.5606
316,GUM,Guam,Oceania (excl. Australia and New Zealand),2004,381018.216,1175947.956
320,GTM,Guatemala,Latin America and the Caribbean,2004,2682121.235,8413225.606
324,GIN,Guinea,Sub-Saharan Africa,2004,394958.5046,1794746.474
328,GUY,Guyana,Latin America and the Caribbean,2004,264028.3128,1122807.306
332,HTI,Haiti,Latin America and the Caribbean,2004,417782.704,1544873.018
334,HMD,Heard Island and McDonald Islands,,2004,35.11,37.359
336,VAT,Holy See,Europe,2004,18008.198,30907.667
340,HND,Honduras,Latin America and the Caribbean,2004,1531845.695,3587387.513
344,HKG,"China, Hong Kong SAR",China,2004,38850361.96,576062089.1
348,HUN,Hungary,Europe,2004,9381648.569,30352818.65
352,ISL,Iceland,Europe,2004,977228.2119,3012938.071
360,IDN,Indonesia,Eastern and South-Eastern Asia (excl. China),2004,22859610.55,70383476.16
364,IRN,Iran,Central and Southern Asia,2004,13242368.65,39186064.44
368,IRQ,Iraq,Northern Africa and Western Asia,2004,3753049.853,10472203.68
372,IRL,Ireland,Europe,2004,10064481.89,32048217.79
376,ISR,Israel,Northern Africa and Western Asia,2004,16759797.33,51831980.39
381,ITA,Italy,Europe,2004,111684210.2,305874438.3
384,CIV,Cote d'Ivoire,Sub-Saharan Africa,2004,2095656.815,7511437.342
388,JAM,Jamaica,Latin America and the Caribbean,2004,1582339.978,5460011.048
392,JPN,Japan,Eastern and South-Eastern Asia (excl. China),2004,180593756.6,775073147.9
398,KAZ,Kazakhstan,Central and Southern Asia,2004,3045073.402,32442253.54
400,JOR,Jordan,Northern Africa and Western Asia,2004,4139423.527,12657277.76
404,KEN,Kenya,Sub-Saharan Africa,2004,3147135.265,9236954.446
408,PRK,"Korea, Democratic People’s Republic",Eastern and South-Eastern Asia (excl. China),2004,1222739.862,4535816.166
410,KOR,"Korea, Republic",Eastern and South-Eastern Asia (excl. China),2004,92536333.66,373124722.6
414,KWT,Kuwait,Northern Africa and Western Asia,2004,1945517.244,6093537.197
417,KGZ,Kyrgyzstan,Central and Southern Asia,2004,401454.3732,3344144.314
418,LAO,Lao PDR,Eastern and South-Eastern Asia (excl. China),2004,251403.748,827471.903
422,LBN,Lebanon,Northern Africa and Western Asia,2004,4118962.273,12947120.38
426,LSO,Lesotho,Sub-Saharan Africa,2004,26135.866,39307.378
428,LVA,Latvia,Europe,2004,2356194.708,9335717.923
430,LBR,Liberia,Sub-Saharan Africa,2004,168118.832,623093.339
434,LBY,Libya,Northern Africa and Western Asia,2004,1607951.446,7183917.422
440,LTU,Lithuania,Europe,2004,4279077.726,18154092.32
442,LUX,Luxembourg,Europe,2004,5426372.288,16578942.15
446,MAC,"China, Macao SAR",China,2004,719268.1763,61193005.76
450,MDG,Madagascar,Sub-Saharan Africa,2004,719106.889,2316973.286
454,MWI,Malawi,Sub-Saharan Africa,2004,346309.0928,955354.3501
458,MYS,Malaysia,Eastern and South-Eastern Asia (excl. China),2004,20486923.34,71228382.43
462,MDV,Maldives,Central and Southern Asia,2004,264409.6435,1123091.702
466,MLI,Mali,Sub-Saharan Africa,2004,636338.3598,2148020.06
470,MLT,Malta,Europe,2004,979328.3193,3270029.919
473,,"Latin American Integration Association, nes",,2004,5175093.305,19886613.34
478,MRT,Mauritania,Sub-Saharan Africa,2004,406661.6089,2155599.853
480,MUS,Mauritius,Sub-Saharan Africa,2004,1340806.227,3914171.185
484,MEX,Mexico,Latin America and the Caribbean,2004,30328054.65,847388850.7
490,,"Other Asia, nes",,2004,101769523.1,399539992.2
496,MNG,Mongolia,Eastern and South-Eastern Asia (excl. China),2004,393393.7912,1268975.212
498,MDA,Moldova,Europe,2004,901085.2037,4649772.841
500,MSR,Montserrat,Latin America and the Caribbean,2004,10629.09118,54070.75125
504,MAR,Morocco,Northern Africa and Western Asia,2004,6589717.31,28845147.73
508,MOZ,Mozambique,Sub-Saharan Africa,2004,967653.1989,4438348.524
512,OMN,Oman,Northern Africa and Western Asia,2004,1920970.505,4068119.855
516,NAM,Namibia,Sub-Saharan Africa,2004,433605.742,1157231.587
520,NRU,Nauru,Oceania (excl. Australia and New Zealand),2004,2415.536,2825.626
524,NPL,Nepal,Central and Southern Asia,2004,522816.253,2471080.413
527,,"Oceania, nes",,2004,347144.162,1302653.064
528,NLD,Netherlands,Europe,2004,88652224.98,318829816.1
530,ANT,Netherlands Antilles,,2004,1589297.76,7816332.25
533,ABW,Aruba,Latin America and the Caribbean,2004,1826672.115,7942544.599
536,,Neutral Zone,,2004,6828.89,10361.331
540,NCL,New Caledonia,Oceania (excl. Australia and New Zealand),2004,367546.8476,1251525.595
548,VUT,Vanuatu,Oceania (excl. Australia and New Zealand),2004,21073.307,59079.117
554,NZL,New Zealand,Australia and New Zealand,2004,4600667.548,13945436.85
558,NIC,Nicaragua,Latin America and the Caribbean,2004,811385.1052,2495376.823
562,NER,Niger,Sub-Saharan Africa,2004,294437.3217,1060444.066
566,NGA,Nigeria,Sub-Saharan Africa,2004,4354143.045,16279782.75
568,,"Other Europe, nes",,2004,28693581.93,106602637.1
570,NIU,Niue,Oceania (excl. Australia and New Zealand),2004,2849.74,6946.535
574,NFK,Norfolk Islands,Australia and New Zealand,2004,3961.215,4562.013
577,,"Other Africa, nes",,2004,5122184.482,19383795.46
579,NOR,Norway,Europe,2004,8871549.558,22677967.63
580,MNP,Northern Mariana Islands,Oceania (excl. Australia and New Zealand),2004,72047.402,176484.891
581,UMI,United States Minor Outlying Islands,,2004,3848.424,3043.701
583,FSM,Micronesia,Oceania (excl. Australia and New Zealand),2004,50365.16737,127353.216
584,MHL,Marshall Islands,Oceania (excl. Australia and New Zealand),2004,14435.89,51759.581
585,PLW,Palau,Oceania (excl. Australia and New Zealand),2004,8416.169,106172.94
586,PAK,Pakistan,Central and Southern Asia,2004,7818551.706,28854061.1
591,PAN,Panama,Latin America and the Caribbean,2004,3065215.954,12300701.59
598,PNG,Papua New Guinea,Oceania (excl. Australia and New Zealand),2004,627342.8698,1984615.081
600,PRY,Paraguay,Latin America and the Caribbean,2004,681910.1731,2671518.502
604,PER,Peru,Latin America and the Caribbean,2004,3524893.472,13015522.12
608,PHL,Philippines,Eastern and South-Eastern Asia (excl. China),2004,11427750.6,51384870.11
612,PCN,Pitcairn,Oceania (excl. Australia and New Zealand),2004,1945.649,2105.169
616,POL,Poland,Europe,2004,19818626.06,71672716.26
620,PRT,Portugal,Europe,2004,17366161.82,46770302.9
624,GNB,Guinea-Bissau,Sub-Saharan Africa,2004,41520.46493,194846.3265
626,TLS,Timor-Leste,Eastern and South-Eastern Asia (excl. China),2004,58563.7183,127037.2468
634,QAT,Qatar,Northern Africa and Western Asia,2004,761798.9945,3675741.762
637,,"North America and Central America, nes",,2004,23450387.78,88898983.98
642,ROU,Romania,Europe,2004,7979382.635,35091478.86
643,RUS,Russian Federation,Europe,2004,17933492.49,87327431.8
646,RWA,Rwanda,Sub-Saharan Africa,2004,138413.1993,398420.8953
654,SHN,Saint Helena,Sub-Saharan Africa,2004,10735.66,25015.167
659,KNA,Saint Kitts and Nevis,Latin America and the Caribbean,2004,81062.03496,215223.3984
660,AIA,Anguilla,Latin America and the Caribbean,2004,8492.519,56080.004
662,LCA,Saint Lucia,Latin America and the Caribbean,2004,164911.3484,539631.0333
666,SPM,Saint Pierre and Miquelon,Northern America,2004,5833.32,6081.064
670,VCT,Saint Vincent and the Grenadines,Latin America and the Caribbean,2004,90161.37816,337461.7053
674,SMR,San Marino,Europe,2004,49057.134,45173.614
678,STP,Sao Tome and Principe,Sub-Saharan Africa,2004,25789.46991,95989.07595
682,SAU,Saudi Arabia,Northern Africa and Western Asia,2004,11522504.07,29535613.9
686,SEN,Senegal,Sub-Saharan Africa,2004,1572295.326,5374256.968
690,SYC,Seychelles,Sub-Saharan Africa,2004,135536.024,275102.036
694,SLE,Sierra Leone,Sub-Saharan Africa,2004,132195.756,640943.474
699,IND,India,Central and Southern Asia,2004,62586797.52,207951481.2
702,SGP,Singapore,Eastern and South-Eastern Asia (excl. China),2004,36258206.74,125075258.6
703,SVK,Slovakia,Europe,2004,7020757.788,32865933.53
704,VNM,Vietnam,Eastern and South-Eastern Asia (excl. China),2004,11743940.45,31435225.04
705,SVN,Slovenia,Europe,2004,4496795.134,13248694.81
706,SOM,Somalia,Sub-Saharan Africa,2004,165870.241,703970.564
710,ZAF,South Africa,Sub-Saharan Africa,2004,13212223.03,45596453.08
716,ZWE,Zimbabwe,Sub-Saharan Africa,2004,985319.0404,2367899.343
724,ESP,Spain,Europe,2004,67388468.14,221484871.5
732,ESH,Western Sahara,Northern Africa and Western Asia,2004,129.829,657.052
736,SDN,Former Sudan,,2004,1199019.026,4769750.861
740,SUR,Suriname,Latin America and the Caribbean,2004,143681.411,651847.005
748,SWZ,Eswatini,Sub-Saharan Africa,2004,435285.7235,1429545.752
752,SWE,Sweden,Europe,2004,22796361.16,62202386.99
757,CHE,Switzerland,Europe,2004,31761216.06,66220220.29
760,SYR,Syria,Northern Africa and Western Asia,2004,8182429.714,12258592.22
762,TJK,Tajikistan,Central and Southern Asia,2004,285084.386,1342704.415
764,THA,Thailand,Eastern and South-Eastern Asia (excl. China),2004,31288577.33,86927874.2
768,TGO,Togo,Sub-Saharan Africa,2004,640124.349,2489786.844
772,TKL,Tokelau,Oceania (excl. Australia and New Zealand),2004,13391.644,10214.966
776,TON,Tonga,Oceania (excl. Australia and New Zealand),2004,25212.35,51559.399
780,TTO,Trinidad and Tobago,Latin America and the Caribbean,2004,1748809.045,8076370.27
784,ARE,United Arab Emirates,Northern Africa and Western Asia,2004,9757703.159,26276668.41
788,TUN,Tunisia,Northern Africa and Western Asia,2004,3889973.558,14666507
792,TUR,Turkey,Northern Africa and Western Asia,2004,31187359.73,104561277.2
795,TKM,Turkmenistan,Central and Southern Asia,2004,188233.791,612037.35
796,TCA,Turks and Caicos Islands,Latin America and the Caribbean,2004,25211.503,117033.109
798,TUV,Tuvalu,Oceania (excl. Australia and New Zealand),2004,2704.209,7305.122
800,UGA,Uganda,Sub-Saharan Africa,2004,692052.309,1914381.486
804,UKR,Ukraine,Europe,2004,13065088.87,94132360.46
807,MKD,North Macedonia,Europe,2004,1231682.161,3821356.064
818,EGY,Egypt,Northern Africa and Western Asia,2004,6872016.231,29667946.44
826,GBR,United Kingdom,Europe,2004,96563561.46,226833782.1
834,TZA,Tanzania,Sub-Saharan Africa,2004,1145843.027,3396894.949
837,,Bunkers,,2004,5610822.059,25204687.24
838,,Free Zones,,2004,355017.354,1698336.833
839,,Special Categories,,2004,7239801.23,27543297.42
842,USA,United States,Northern America,2004,350159247.7,1045928608
854,BFA,Burkina Faso,Sub-Saharan Africa,2004,391998.339,1461093.167
858,URY,Uruguay,Latin America and the Caribbean,2004,1580916.949,5562747.219
860,UZB,Uzbekistan,Central and Southern Asia,2004,548761.951,3423677.538
862,VEN,Venezuela,Latin America and the Caribbean,2004,3019861.626,8560921.324
876,WLF,Wallis and Futuna Islands,Oceania (excl. Australia and New Zealand),2004,8225.433,17032.554
882,WSM,Samoa,Oceania (excl. Australia and New Zealand),2004,88540.61096,234726.5128
887,YEM,Yemen,Northern Africa and Western Asia,2004,2297107.996,9026965.127
891,SCG,Serbia and Montenegro,,2004,3162789.033,10990829.25
894,ZMB,Zambia,Sub-Saharan Africa,2004,540844.7463,1658489.868
899,,"Areas, nes",,2004,53464875.94,241247350.2
